date,station_id,fai_lag_1d,fai_lag_3d,fai_lag_7d,fai_now,fai_future,bloom_7d,temp_c,wind_kmh,precip_mm,water_temp_c,ph,dissolved_oxygen_mgl
2025-09-11,pucon,0.0415369495749473,0.0415369495749473,-0.017910785973072,0.0415369495749473,0.034366026520729,1,,,,,,
2025-09-12,pucon,0.0415369495749473,0.0415369495749473,-0.017910785973072,0.0415369495749473,0.034366026520729,1,,,,,,
2025-09-13,pucon,0.0415369495749473,0.0415369495749473,0.0415369495749473,0.0415369495749473,0.034366026520729,1,,,,,,
2025-09-14,pucon,0.0415369495749473,0.0415369495749473,0.0415369495749473,0.034366026520729,0.034366026520729,1,,,,,,
2025-09-15,pucon,0.034366026520729,0.0415369495749473,0.0415369495749473,0.034366026520729,0.034366026520729,1,,,,,,
2025-09-16,pucon,0.034366026520729,0.0415369495749473,0.0415369495749473,0.034366026520729,0.034366026520729,1,,,,,,
2025-09-17,pucon,0.034366026520729,0.034366026520729,0.0415369495749473,0.034366026520729,0.034366026520729,1,,,,,,
2025-09-18,pucon,0.034366026520729,0.034366026520729,0.0415369495749473,0.034366026520729,0.034366026520729,1,,,,,,
2025-09-19,pucon,0.034366026520729,0.034366026520729,0.0415369495749473,0.034366026520729,0.034366026520729,1,,,,,,
2025-09-20,pucon,0.034366026520729,0.034366026520729,0.0415369495749473,0.034366026520729,0.034366026520729,1,,,,,,
2025-09-21,pucon,0.034366026520729,0.034366026520729,0.034366026520729,0.034366026520729,0.034366026520729,1,,,,,,
2025-09-22,pucon,0.034366026520729,0.034366026520729,0.034366026520729,0.034366026520729,0.034366026520729,1,,,,,,
2025-09-23,pucon,0.034366026520729,0.034366026520729,0.034366026520729,0.034366026520729,0.034366026520729,1,,,,,,
2025-09-24,pucon,0.034366026520729,0.034366026520729,0.034366026520729,0.034366026520729,0.034366026520729,1,,,,,,
2025-09-25,pucon,0.034366026520729,0.034366026520729,0.034366026520729,0.034366026520729,0.034366026520729,1,,,,,,
2025-09-26,pucon,0.034366026520729,0.034366026520729,0.034366026520729,0.034366026520729,0.034366026520729,1,,,,,,
2025-09-27,pucon,0.034366026520729,0.034366026520729,0.034366026520729,0.034366026520729,0.034366026520729,1,,,,,,
2025-09-28,pucon,0.034366026520729,0.034366026520729,0.034366026520729,0.034366026520729,0.034366026520729,1,,,,,,
2025-09-29,pucon,0.034366026520729,0.034366026520729,0.034366026520729,0.034366026520729,0.034366026520729,1,,,,,,
2025-09-30,pucon,0.034366026520729,0.034366026520729,0.034366026520729,0.034366026520729,0.034366026520729,1,,,,,,
2025-10-01,pucon,0.034366026520729,0.034366026520729,0.034366026520729,0.034366026520729,0.034366026520729,1,,,,,,
2025-10-02,pucon,0.034366026520729,0.034366026520729,0.034366026520729,0.034366026520729,0.034366026520729,1,,,,,,
2025-10-03,pucon,0.034366026520729,0.034366026520729,0.034366026520729,0.034366026520729,0.034366026520729,1,,,,,,
2025-10-04,pucon,0.034366026520729,0.034366026520729,0.034366026520729,0.034366026520729,0.034366026520729,1,,,,,,
2025-10-05,pucon,0.034366026520729,0.034366026520729,0.034366026520729,0.034366026520729,0.034366026520729,1,,,,,,
2025-10-06,pucon,0.034366026520729,0.034366026520729,0.034366026520729,0.034366026520729,0.034366026520729,1,,,,,,
2025-10-07,pucon,0.034366026520729,0.034366026520729,0.034366026520729,0.034366026520729,0.034366026520729,1,,,,,,
2025-10-08,pucon,0.034366026520729,0.034366026520729,0.034366026520729,0.034366026520729,0.034366026520729,1,,,,,,
2025-10-09,pucon,0.034366026520729,0.034366026520729,0.034366026520729,0.034366026520729,0.0570593662559986,1,,,,,,
2025-10-10,pucon,0.034366026520729,0.034366026520729,0.034366026520729,0.034366026520729,0.0570593662559986,1,,,,,,
2025-10-11,pucon,0.034366026520729,0.034366026520729,0.034366026520729,0.034366026520729,0.0570593662559986,1,,,,,,
2025-10-12,pucon,0.034366026520729,0.034366026520729,0.034366026520729,0.034366026520729,0.0570593662559986,1,,,,,,
2025-10-13,pucon,0.034366026520729,0.034366026520729,0.034366026520729,0.034366026520729,0.0570593662559986,1,,,,,,
2025-10-14,pucon,0.034366026520729,0.034366026520729,0.034366026520729,0.034366026520729,0.0570593662559986,1,,,,,,
2025-10-15,pucon,0.034366026520729,0.034366026520729,0.034366026520729,0.034366026520729,0.0570593662559986,1,,,,,,
2025-10-16,pucon,0.034366026520729,0.034366026520729,0.034366026520729,0.0570593662559986,0.0570593662559986,1,,,,,,
2025-10-17,pucon,0.0570593662559986,0.034366026520729,0.034366026520729,0.0570593662559986,0.0570593662559986,1,,,,,,
2025-10-18,pucon,0.0570593662559986,0.034366026520729,0.034366026520729,0.0570593662559986,0.0570593662559986,1,,,,,,
2025-10-19,pucon,0.0570593662559986,0.0570593662559986,0.034366026520729,0.0570593662559986,0.0570593662559986,1,,,,,,
2025-10-20,pucon,0.0570593662559986,0.0570593662559986,0.034366026520729,0.0570593662559986,0.0570593662559986,1,,,,,,
2025-10-21,pucon,0.0570593662559986,0.0570593662559986,0.034366026520729,0.0570593662559986,0.0570593662559986,1,,,,,,
2025-10-22,pucon,0.0570593662559986,0.0570593662559986,0.034366026520729,0.0570593662559986,0.0570593662559986,1,,,,,,
2025-10-23,pucon,0.0570593662559986,0.0570593662559986,0.0570593662559986,0.0570593662559986,0.0570593662559986,1,,,,,,
2025-10-24,pucon,0.0570593662559986,0.0570593662559986,0.0570593662559986,0.0570593662559986,0.0570593662559986,1,,,,,,
2025-10-25,pucon,0.0570593662559986,0.0570593662559986,0.0570593662559986,0.0570593662559986,0.0570593662559986,1,,,,,,
2025-10-26,pucon,0.0570593662559986,0.0570593662559986,0.0570593662559986,0.0570593662559986,0.0570593662559986,1,,,,,,
2025-10-27,pucon,0.0570593662559986,0.0570593662559986,0.0570593662559986,0.0570593662559986,0.0570593662559986,1,,,,,,
2025-10-28,pucon,0.0570593662559986,0.0570593662559986,0.0570593662559986,0.0570593662559986,0.0570593662559986,1,,,,,,
2025-10-29,pucon,0.0570593662559986,0.0570593662559986,0.0570593662559986,0.0570593662559986,0.0570593662559986,1,,,,,,
2025-10-30,pucon,0.0570593662559986,0.0570593662559986,0.0570593662559986,0.0570593662559986,0.0570593662559986,1,,,,,,
2025-10-31,pucon,0.0570593662559986,0.0570593662559986,0.0570593662559986,0.0570593662559986,0.0570593662559986,1,,,,,,
2025-11-01,pucon,0.0570593662559986,0.0570593662559986,0.0570593662559986,0.0570593662559986,0.0570593662559986,1,,,,,,
2025-11-02,pucon,0.0570593662559986,0.0570593662559986,0.0570593662559986,0.0570593662559986,0.0570593662559986,1,,,,,,
2025-11-03,pucon,0.0570593662559986,0.0570593662559986,0.0570593662559986,0.0570593662559986,0.0570593662559986,1,,,,,,
2025-11-04,pucon,0.0570593662559986,0.0570593662559986,0.0570593662559986,0.0570593662559986,0.0570593662559986,1,,,,,,
2025-11-05,pucon,0.0570593662559986,0.0570593662559986,0.0570593662559986,0.0570593662559986,0.0893920585513114,1,,,,,,
2025-11-06,pucon,0.0570593662559986,0.0570593662559986,0.0570593662559986,0.0570593662559986,0.0157434865832328,0,,,,,,
2025-11-07,pucon,0.0570593662559986,0.0570593662559986,0.0570593662559986,0.0570593662559986,0.0157434865832328,0,,,,,,
2025-11-08,pucon,0.0570593662559986,0.0570593662559986,0.0570593662559986,0.0570593662559986,0.0157434865832328,0,,,,,,
2025-11-09,pucon,0.0570593662559986,0.0570593662559986,0.0570593662559986,0.0570593662559986,0.0157434865832328,0,,,,,,
2025-11-10,pucon,0.0570593662559986,0.0570593662559986,0.0570593662559986,0.0570593662559986,0.0157434865832328,0,,,,,,
2025-11-11,pucon,0.0570593662559986,0.0570593662559986,0.0570593662559986,0.0570593662559986,0.0157434865832328,0,,,,,,
2025-11-12,pucon,0.0570593662559986,0.0570593662559986,0.0570593662559986,0.0893920585513114,0.0157434865832328,0,,,,,,
2025-11-13,pucon,0.0893920585513114,0.0570593662559986,0.0570593662559986,0.0157434865832328,0.0157434865832328,0,,,,,,
2025-11-14,pucon,0.0157434865832328,0.0570593662559986,0.0570593662559986,0.0157434865832328,0.0157434865832328,0,,,,,,
2025-11-15,pucon,0.0157434865832328,0.0893920585513114,0.0570593662559986,0.0157434865832328,0.0157434865832328,0,,,,,,
2025-11-16,pucon,0.0157434865832328,0.0157434865832328,0.0570593662559986,0.0157434865832328,-0.0096442848443984,0,,,,,,
2025-11-17,pucon,0.0157434865832328,0.0157434865832328,0.0570593662559986,0.0157434865832328,-0.0096442848443984,0,,,,,,
2025-11-18,pucon,0.0157434865832328,0.0157434865832328,0.0570593662559986,0.0157434865832328,-0.0100482525303959,0,,,,,,
2025-11-19,pucon,0.0157434865832328,0.0157434865832328,0.0893920585513114,0.0157434865832328,-0.0100482525303959,0,,,,,,
2025-11-20,pucon,0.0157434865832328,0.0157434865832328,0.0157434865832328,0.0157434865832328,-0.0100482525303959,0,,,,,,
2025-11-21,pucon,0.0157434865832328,0.0157434865832328,0.0157434865832328,0.0157434865832328,-0.0100482525303959,0,,,,,,
2025-11-22,pucon,0.0157434865832328,0.0157434865832328,0.0157434865832328,0.0157434865832328,-0.0100482525303959,0,,,,,,
2025-11-23,pucon,0.0157434865832328,0.0157434865832328,0.0157434865832328,-0.0096442848443984,-0.0100482525303959,0,,,,,,
2025-11-24,pucon,-0.0096442848443984,0.0157434865832328,0.0157434865832328,-0.0096442848443984,-0.0100482525303959,0,,,,,,
2025-11-25,pucon,-0.0096442848443984,0.0157434865832328,0.0157434865832328,-0.0100482525303959,-0.0100482525303959,0,,,,,,
2025-11-26,pucon,-0.0100482525303959,-0.0096442848443984,0.0157434865832328,-0.0100482525303959,-0.0100482525303959,0,,,,,,
2025-11-27,pucon,-0.0100482525303959,-0.0096442848443984,0.0157434865832328,-0.0100482525303959,-0.0100482525303959,0,,,,,,
2025-11-28,pucon,-0.0100482525303959,-0.0100482525303959,0.0157434865832328,-0.0100482525303959,0.0299311093986034,1,,,,,,
2025-11-29,pucon,-0.0100482525303959,-0.0100482525303959,0.0157434865832328,-0.0100482525303959,0.0299311093986034,1,,,,,,
2025-11-30,pucon,-0.0100482525303959,-0.0100482525303959,-0.0096442848443984,-0.0100482525303959,0.0299311093986034,1,,,,,,
2025-12-01,pucon,-0.0100482525303959,-0.0100482525303959,-0.0096442848443984,-0.0100482525303959,0.0299311093986034,1,,,,,,
2025-12-02,pucon,-0.0100482525303959,-0.0100482525303959,-0.0100482525303959,-0.0100482525303959,0.0299311093986034,1,,,,,,
2025-12-03,pucon,-0.0100482525303959,-0.0100482525303959,-0.0100482525303959,-0.0100482525303959,0.0299311093986034,1,,,,,,
2025-12-04,pucon,-0.0100482525303959,-0.0100482525303959,-0.0100482525303959,-0.0100482525303959,0.0299311093986034,1,,,,,,
2025-12-05,pucon,-0.0100482525303959,-0.0100482525303959,-0.0100482525303959,0.0299311093986034,0.0299311093986034,1,,,,,,
2025-12-06,pucon,0.0299311093986034,-0.0100482525303959,-0.0100482525303959,0.0299311093986034,0.0299311093986034,1,,,,,,
2025-12-07,pucon,0.0299311093986034,-0.0100482525303959,-0.0100482525303959,0.0299311093986034,0.0299311093986034,1,,,,,,
2025-12-08,pucon,0.0299311093986034,0.0299311093986034,-0.0100482525303959,0.0299311093986034,0.0299311093986034,1,,,,,,
2025-12-09,pucon,0.0299311093986034,0.0299311093986034,-0.0100482525303959,0.0299311093986034,0.0299311093986034,1,,,,,,
2025-12-10,pucon,0.0299311093986034,0.0299311093986034,-0.0100482525303959,0.0299311093986034,0.0299311093986034,1,,,,,,
2025-12-11,pucon,0.0299311093986034,0.0299311093986034,-0.0100482525303959,0.0299311093986034,0.0050908992998301,0,,,,,,
2025-12-12,pucon,0.0299311093986034,0.0299311093986034,0.0299311093986034,0.0299311093986034,0.0050908992998301,0,,,,,,
2025-12-13,pucon,0.0299311093986034,0.0299311093986034,0.0299311093986034,0.0299311093986034,0.0050908992998301,0,,,,,,
2025-12-14,pucon,0.0299311093986034,0.0299311093986034,0.0299311093986034,0.0299311093986034,0.0050908992998301,0,,,,,,
2025-12-15,pucon,0.0299311093986034,0.0299311093986034,0.0299311093986034,0.0299311093986034,0.0050908992998301,0,,,,,,
2025-12-16,pucon,0.0299311093986034,0.0299311093986034,0.0299311093986034,0.0299311093986034,0.0050908992998301,0,,,,,,
2025-12-17,pucon,0.0299311093986034,0.0299311093986034,0.0299311093986034,0.0299311093986034,0.0050908992998301,0,,,,,,
2025-12-18,pucon,0.0299311093986034,0.0299311093986034,0.0299311093986034,0.0050908992998301,0.034220315515995,1,,,,,,
2025-12-19,pucon,0.0050908992998301,0.0299311093986034,0.0299311093986034,0.0050908992998301,0.034220315515995,1,,,,,,
2025-12-20,pucon,0.0050908992998301,0.0299311093986034,0.0299311093986034,0.0050908992998301,0.034220315515995,1,,,,,,
2025-12-21,pucon,0.0050908992998301,0.0050908992998301,0.0299311093986034,0.0050908992998301,-0.0003627501428127,0,,,,,,
2025-12-22,pucon,0.0050908992998301,0.0050908992998301,0.0299311093986034,0.0050908992998301,-0.0003627501428127,0,,,,,,
2025-12-23,pucon,0.0050908992998301,0.0050908992998301,0.0299311093986034,0.0050908992998301,-0.0013163996627554,0,,,,,,
2025-12-24,pucon,0.0050908992998301,0.0050908992998301,0.0299311093986034,0.0050908992998301,-0.0013163996627554,0,,,,,,
2025-12-25,pucon,0.0050908992998301,0.0050908992998301,0.0050908992998301,0.034220315515995,-0.0013163996627554,0,,,,,,
2025-12-26,pucon,0.034220315515995,0.0050908992998301,0.0050908992998301,0.034220315515995,0.0451593659818172,1,,,,,,
2025-12-27,pucon,0.034220315515995,0.0050908992998301,0.0050908992998301,0.034220315515995,0.0451593659818172,1,,,,,,
2025-12-28,pucon,0.034220315515995,0.034220315515995,0.0050908992998301,-0.0003627501428127,0.0521147586405277,1,,,,,,
2025-12-29,pucon,-0.0003627501428127,0.034220315515995,0.0050908992998301,-0.0003627501428127,0.0521147586405277,1,,,,,,
2025-12-30,pucon,-0.0003627501428127,0.034220315515995,0.0050908992998301,-0.0013163996627554,0.0521147586405277,1,,,,,,
2025-12-31,pucon,-0.0013163996627554,-0.0003627501428127,0.0050908992998301,-0.0013163996627554,0.0474522188305854,1,,,,,,
2026-01-01,pucon,-0.0013163996627554,-0.0003627501428127,0.034220315515995,-0.0013163996627554,0.0474522188305854,1,,,,,,
2026-01-02,pucon,-0.0013163996627554,-0.0013163996627554,0.034220315515995,0.0451593659818172,0.1106136441230773,1,,,,,,
2026-01-03,pucon,0.0451593659818172,-0.0013163996627554,0.034220315515995,0.0451593659818172,0.1106136441230773,1,,,,,,
2026-01-04,pucon,0.0451593659818172,-0.0013163996627554,-0.0003627501428127,0.0521147586405277,0.0250333789736032,0,,,,,,
2026-01-05,pucon,0.0521147586405277,0.0451593659818172,-0.0003627501428127,0.0521147586405277,0.0250333789736032,0,,,,,,
2026-01-06,pucon,0.0521147586405277,0.0451593659818172,-0.0013163996627554,0.0521147586405277,0.0250333789736032,0,,,,,,
2026-01-07,pucon,0.0521147586405277,0.0521147586405277,-0.0013163996627554,0.0474522188305854,0.0250333789736032,0,,,,,,
2026-01-08,pucon,0.0474522188305854,0.0521147586405277,-0.0013163996627554,0.0474522188305854,0.0250333789736032,0,,,,,,
2026-01-09,pucon,0.0474522188305854,0.0521147586405277,0.0451593659818172,0.1106136441230773,0.0250333789736032,0,,,,,,
2026-01-10,pucon,0.1106136441230773,0.0474522188305854,0.0451593659818172,0.1106136441230773,0.1103542819619178,1,,,,,,
2026-01-11,pucon,0.1106136441230773,0.0474522188305854,0.0521147586405277,0.0250333789736032,0.1103542819619178,1,,,,,,
2026-01-12,pucon,0.0250333789736032,0.1106136441230773,0.0521147586405277,0.0250333789736032,0.073256030678749,1,,,,,,
2026-01-13,pucon,0.0250333789736032,0.1106136441230773,0.0521147586405277,0.0250333789736032,0.073256030678749,1,,,,,,
2026-01-14,pucon,0.0250333789736032,0.0250333789736032,0.0474522188305854,0.0250333789736032,0.073256030678749,1,,,,,,
2026-01-15,pucon,0.0250333789736032,0.0250333789736032,0.0474522188305854,0.0250333789736032,0.0122529091313481,0,,,,,,
2026-01-16,pucon,0.0250333789736032,0.0250333789736032,0.1106136441230773,0.0250333789736032,0.0122529091313481,0,,,,,,
2026-01-17,pucon,0.0250333789736032,0.0250333789736032,0.1106136441230773,0.1103542819619178,0.0122529091313481,0,,,,,,
2026-01-18,pucon,0.1103542819619178,0.0250333789736032,0.0250333789736032,0.1103542819619178,0.0122529091313481,0,,,,,,
2026-01-19,pucon,0.1103542819619178,0.0250333789736032,0.0250333789736032,0.073256030678749,0.0122529091313481,0,,,,,,
2026-01-20,pucon,0.073256030678749,0.1103542819619178,0.0250333789736032,0.073256030678749,0.0122529091313481,0,,,,,,
2026-01-21,pucon,0.073256030678749,0.1103542819619178,0.0250333789736032,0.073256030678749,0.0122529091313481,0,,,,,,
2026-01-22,pucon,0.073256030678749,0.073256030678749,0.0250333789736032,0.0122529091313481,0.1190657168626785,1,,,,,,
2026-01-23,pucon,0.0122529091313481,0.073256030678749,0.0250333789736032,0.0122529091313481,0.1190657168626785,1,,,,,,
2026-01-24,pucon,0.0122529091313481,0.073256030678749,0.1103542819619178,0.0122529091313481,0.1190657168626785,1,,,,,,
2026-01-25,pucon,0.0122529091313481,0.0122529091313481,0.1103542819619178,0.0122529091313481,0.0074002109467983,0,,,,,,
2026-01-26,pucon,0.0122529091313481,0.0122529091313481,0.073256030678749,0.0122529091313481,0.0074002109467983,0,,,,,,
2026-01-27,pucon,0.0122529091313481,0.0122529091313481,0.073256030678749,0.0122529091313481,0.0074002109467983,0,,,,,,
2026-01-28,pucon,0.0122529091313481,0.0122529091313481,0.073256030678749,0.0122529091313481,0.0074002109467983,0,,,,,,
2026-01-29,pucon,0.0122529091313481,0.0122529091313481,0.0122529091313481,0.1190657168626785,0.0074002109467983,0,,,,,,
2026-01-30,pucon,0.1190657168626785,0.0122529091313481,0.0122529091313481,0.1190657168626785,0.096486672759056,1,,,,,,
2026-01-31,pucon,0.1190657168626785,0.0122529091313481,0.0122529091313481,0.1190657168626785,0.096486672759056,1,,,,,,
2026-02-01,pucon,0.1190657168626785,0.1190657168626785,0.0122529091313481,0.0074002109467983,0.096486672759056,1,,,,,,
2026-02-02,pucon,0.0074002109467983,0.1190657168626785,0.0122529091313481,0.0074002109467983,0.096486672759056,1,,,,,,
2026-02-03,pucon,0.0074002109467983,0.1190657168626785,0.0122529091313481,0.0074002109467983,0.096486672759056,1,,,,,,
2026-02-04,pucon,0.0074002109467983,0.0074002109467983,0.0122529091313481,0.0074002109467983,0.096486672759056,1,,,,,,
2026-02-05,pucon,0.0074002109467983,0.0074002109467983,0.1190657168626785,0.0074002109467983,0.096486672759056,1,,,,,,
2026-02-06,pucon,0.0074002109467983,0.0074002109467983,0.1190657168626785,0.096486672759056,0.071356825530529,1,,,,,,
2026-02-07,pucon,0.096486672759056,0.0074002109467983,0.1190657168626785,0.096486672759056,0.071356825530529,1,,,,,,
2026-02-08,pucon,0.096486672759056,0.0074002109467983,0.0074002109467983,0.096486672759056,0.071356825530529,1,,,,,,
2026-02-09,pucon,0.096486672759056,0.096486672759056,0.0074002109467983,0.096486672759056,0.0427857153117656,1,,,,,,
2026-02-10,pucon,0.096486672759056,0.096486672759056,0.0074002109467983,0.096486672759056,0.0427857153117656,1,,,,,,
2026-02-11,pucon,0.096486672759056,0.096486672759056,0.0074002109467983,0.096486672759056,0.0427857153117656,1,,,,,,
2026-02-12,pucon,0.096486672759056,0.096486672759056,0.0074002109467983,0.096486672759056,0.0427857153117656,1,,,,,,
2026-02-13,pucon,0.096486672759056,0.096486672759056,0.096486672759056,0.071356825530529,0.0427857153117656,1,,,,,,
2026-02-14,pucon,0.071356825530529,0.096486672759056,0.096486672759056,0.071356825530529,0.0446968227624893,1,,,,,,
2026-02-15,pucon,0.071356825530529,0.096486672759056,0.096486672759056,0.071356825530529,0.0446968227624893,1,,,,,,
2026-02-16,pucon,0.071356825530529,0.071356825530529,0.096486672759056,0.0427857153117656,0.0446968227624893,1,,,,,,
2026-02-17,pucon,0.0427857153117656,0.071356825530529,0.096486672759056,0.0427857153117656,0.0446968227624893,1,,,,,,
2026-02-18,pucon,0.0427857153117656,0.071356825530529,0.096486672759056,0.0427857153117656,0.0446968227624893,1,,,,,,
2026-02-19,pucon,0.0427857153117656,0.0427857153117656,0.096486672759056,0.0427857153117656,0.022074019536376,0,,,,,,
2026-02-20,pucon,0.0427857153117656,0.0427857153117656,0.071356825530529,0.0427857153117656,0.022074019536376,0,,,,,,
2026-02-21,pucon,0.0427857153117656,0.0427857153117656,0.071356825530529,0.0446968227624893,0.022074019536376,0,,,,,,
2026-02-22,pucon,0.0446968227624893,0.0427857153117656,0.071356825530529,0.0446968227624893,0.022074019536376,0,,,,,,
2026-02-23,pucon,0.0446968227624893,0.0427857153117656,0.0427857153117656,0.0446968227624893,0.022074019536376,0,,,,,,
2026-02-24,pucon,0.0446968227624893,0.0446968227624893,0.0427857153117656,0.0446968227624893,0.022074019536376,0,,,,,,
2026-02-25,pucon,0.0446968227624893,0.0446968227624893,0.0427857153117656,0.0446968227624893,0.022074019536376,0,,,,,,
2026-02-26,pucon,0.0446968227624893,0.0446968227624893,0.0427857153117656,0.022074019536376,0.0794136449694633,1,,,,,,
2026-02-27,pucon,0.022074019536376,0.0446968227624893,0.0427857153117656,0.022074019536376,0.0794136449694633,1,,,,,,
2026-02-28,pucon,0.022074019536376,0.0446968227624893,0.0446968227624893,0.022074019536376,0.0794136449694633,1,,,,,,
2026-03-01,pucon,0.022074019536376,0.022074019536376,0.0446968227624893,0.022074019536376,0.0144754499197006,0,,,,,,
2026-03-02,pucon,0.022074019536376,0.022074019536376,0.0446968227624893,0.022074019536376,0.0144754499197006,0,,,,,,
2026-03-03,pucon,0.022074019536376,0.022074019536376,0.0446968227624893,0.022074019536376,-0.0167238116264343,0,,,,,,
2026-03-04,pucon,0.022074019536376,0.022074019536376,0.0446968227624893,0.022074019536376,-0.0167238116264343,0,,,,,,
2026-03-05,pucon,0.022074019536376,0.022074019536376,0.022074019536376,0.0794136449694633,-0.0167238116264343,0,,,,,,
2026-03-06,pucon,0.0794136449694633,0.022074019536376,0.022074019536376,0.0794136449694633,0.060323491692543,1,,,,,,
2026-03-07,pucon,0.0794136449694633,0.022074019536376,0.022074019536376,0.0794136449694633,0.060323491692543,1,,,,,,
2026-03-08,pucon,0.0794136449694633,0.0794136449694633,0.022074019536376,0.0144754499197006,0.060323491692543,1,,,,,,
2026-03-09,pucon,0.0144754499197006,0.0794136449694633,0.022074019536376,0.0144754499197006,0.060323491692543,1,,,,,,
2026-03-10,pucon,0.0144754499197006,0.0794136449694633,0.022074019536376,-0.0167238116264343,0.060323491692543,1,,,,,,
2026-03-11,pucon,-0.0167238116264343,0.0144754499197006,0.022074019536376,-0.0167238116264343,0.060323491692543,1,,,,,,
2026-03-12,pucon,-0.0167238116264343,0.0144754499197006,0.0794136449694633,-0.0167238116264343,0.060323491692543,1,,,,,,
2026-03-13,pucon,-0.0167238116264343,-0.0167238116264343,0.0794136449694633,0.060323491692543,0.060323491692543,1,,,,,,
2026-03-14,pucon,0.060323491692543,-0.0167238116264343,0.0794136449694633,0.060323491692543,0.060323491692543,1,,,,,,
2026-03-15,pucon,0.060323491692543,-0.0167238116264343,0.0144754499197006,0.060323491692543,0.060323491692543,1,,,,,,
2026-03-16,pucon,0.060323491692543,0.060323491692543,0.0144754499197006,0.060323491692543,0.060323491692543,1,,,,,,
2026-03-17,pucon,0.060323491692543,0.060323491692543,-0.0167238116264343,0.060323491692543,0.060323491692543,1,,,,,,
2026-03-18,pucon,0.060323491692543,0.060323491692543,-0.0167238116264343,0.060323491692543,0.0324088856577873,1,,,,,,
2026-03-19,pucon,0.060323491692543,0.060323491692543,-0.0167238116264343,0.060323491692543,0.0324088856577873,1,,,,,,
2026-03-20,pucon,0.060323491692543,0.060323491692543,0.060323491692543,0.060323491692543,0.0324088856577873,1,,,,,,
2026-03-21,pucon,0.060323491692543,0.060323491692543,0.060323491692543,0.060323491692543,0.0554542876780033,1,,,,,,
2026-03-22,pucon,0.060323491692543,0.060323491692543,0.060323491692543,0.060323491692543,0.0554542876780033,1,,,,,,
2026-03-23,pucon,0.060323491692543,0.060323491692543,0.060323491692543,0.060323491692543,0.0088150789961218,0,,,,,,
2026-03-24,pucon,0.060323491692543,0.060323491692543,0.060323491692543,0.060323491692543,0.0088150789961218,0,,,,,,
2026-03-25,pucon,0.060323491692543,0.060323491692543,0.060323491692543,0.0324088856577873,0.0088150789961218,0,,,,,,
2026-03-26,pucon,0.0324088856577873,0.060323491692543,0.060323491692543,0.0324088856577873,0.0304298400878906,1,,,,,,
2026-03-27,pucon,0.0324088856577873,0.060323491692543,0.060323491692543,0.0324088856577873,0.0304298400878906,1,,,,,,
2026-03-28,pucon,0.0324088856577873,0.0324088856577873,0.060323491692543,0.0554542876780033,-0.0162949189543724,0,,,,,,
2026-03-29,pucon,0.0554542876780033,0.0324088856577873,0.060323491692543,0.0554542876780033,-0.0162949189543724,0,,,,,,
2026-03-30,pucon,0.0554542876780033,0.0324088856577873,0.060323491692543,0.0088150789961218,-0.0162949189543724,0,,,,,,
2026-03-31,pucon,0.0088150789961218,0.0554542876780033,0.060323491692543,0.0088150789961218,-0.0162949189543724,0,,,,,,
2026-04-01,pucon,0.0088150789961218,0.0554542876780033,0.0324088856577873,0.0088150789961218,-0.0162949189543724,0,,,,,,
2026-04-02,pucon,0.0088150789961218,0.0088150789961218,0.0324088856577873,0.0304298400878906,0.0287095233798027,1,,,,,,
2026-04-03,pucon,0.0304298400878906,0.0088150789961218,0.0324088856577873,0.0304298400878906,0.0287095233798027,1,,,,,,
2026-04-04,pucon,0.0304298400878906,0.0088150789961218,0.0554542876780033,-0.0162949189543724,0.0287095233798027,1,,,,,,
2026-04-05,pucon,-0.0162949189543724,0.0304298400878906,0.0554542876780033,-0.0162949189543724,0.0287095233798027,1,,,,,,
2026-04-06,pucon,-0.0162949189543724,0.0304298400878906,0.0088150789961218,-0.0162949189543724,0.0287095233798027,1,,,,,,
2026-04-07,pucon,-0.0162949189543724,-0.0162949189543724,0.0088150789961218,-0.0162949189543724,0.0287095233798027,1,,,,,,
2026-04-08,pucon,-0.0162949189543724,-0.0162949189543724,0.0088150789961218,-0.0162949189543724,0.0287095233798027,1,,,,,,
2026-04-09,pucon,-0.0162949189543724,-0.0162949189543724,0.0304298400878906,0.0287095233798027,0.0287095233798027,1,,,,,,
2026-04-10,pucon,0.0287095233798027,-0.0162949189543724,0.0304298400878906,0.0287095233798027,0.0287095233798027,1,,,,,,
2026-04-11,pucon,0.0287095233798027,-0.0162949189543724,-0.0162949189543724,0.0287095233798027,0.0287095233798027,1,,,,,,
2026-04-12,pucon,0.0287095233798027,0.0287095233798027,-0.0162949189543724,0.0287095233798027,-0.0141082555055618,0,,,,,,
2026-04-13,pucon,0.0287095233798027,0.0287095233798027,-0.0162949189543724,0.0287095233798027,-0.0141082555055618,0,,,,,,
2026-04-14,pucon,0.0287095233798027,0.0287095233798027,-0.0162949189543724,0.0287095233798027,-0.0141082555055618,0,,,,,,
2026-04-15,pucon,0.0287095233798027,0.0287095233798027,-0.0162949189543724,0.0287095233798027,-0.0141082555055618,0,,,,,,
2026-04-16,pucon,0.0287095233798027,0.0287095233798027,0.0287095233798027,0.0287095233798027,-0.0141082555055618,0,,,,,,
2026-04-17,pucon,0.0287095233798027,0.0287095233798027,0.0287095233798027,0.0287095233798027,-0.0141082555055618,0,,,,,,
2026-04-18,pucon,0.0287095233798027,0.0287095233798027,0.0287095233798027,0.0287095233798027,-0.0141082555055618,0,,,,,,
2026-04-19,pucon,0.0287095233798027,0.0287095233798027,0.0287095233798027,-0.0141082555055618,-0.0141082555055618,0,,,,,,
2026-04-20,pucon,-0.0141082555055618,0.0287095233798027,0.0287095233798027,-0.0141082555055618,-0.0141082555055618,0,,,,,,
2026-04-21,pucon,-0.0141082555055618,0.0287095233798027,0.0287095233798027,-0.0141082555055618,-0.0141082555055618,0,,,,,,
2026-04-22,pucon,-0.0141082555055618,-0.0141082555055618,0.0287095233798027,-0.0141082555055618,-0.0141082555055618,0,,,,,,
2026-04-23,pucon,-0.0141082555055618,-0.0141082555055618,0.0287095233798027,-0.0141082555055618,-0.0141082555055618,0,,,,,,
2026-04-24,pucon,-0.0141082555055618,-0.0141082555055618,0.0287095233798027,-0.0141082555055618,-0.0141082555055618,0,,,,,,
2026-04-25,pucon,-0.0141082555055618,-0.0141082555055618,0.0287095233798027,-0.0141082555055618,-0.0141082555055618,0,,,,,,
2026-04-26,pucon,-0.0141082555055618,-0.0141082555055618,-0.0141082555055618,-0.0141082555055618,-0.0141082555055618,0,,,,,,
2026-04-27,pucon,-0.0141082555055618,-0.0141082555055618,-0.0141082555055618,-0.0141082555055618,-0.0141082555055618,0,,,,,,
2026-04-28,pucon,-0.0141082555055618,-0.0141082555055618,-0.0141082555055618,-0.0141082555055618,-0.0141082555055618,0,,,,,,
2026-04-29,pucon,-0.0141082555055618,-0.0141082555055618,-0.0141082555055618,-0.0141082555055618,-0.0141082555055618,0,,,,,,
2026-04-30,pucon,-0.0141082555055618,-0.0141082555055618,-0.0141082555055618,-0.0141082555055618,-0.0141082555055618,0,,,,,,
2026-05-01,pucon,-0.0141082555055618,-0.0141082555055618,-0.0141082555055618,-0.0141082555055618,-0.0141082555055618,0,,,,,,
2026-05-02,pucon,-0.0141082555055618,-0.0141082555055618,-0.0141082555055618,-0.0141082555055618,0.0313349142670631,1,,,,,,
2026-05-03,pucon,-0.0141082555055618,-0.0141082555055618,-0.0141082555055618,-0.0141082555055618,0.0313349142670631,1,,,,,,
2026-05-04,pucon,-0.0141082555055618,-0.0141082555055618,-0.0141082555055618,-0.0141082555055618,0.0313349142670631,1,,,,,,
2026-05-05,pucon,-0.0141082555055618,-0.0141082555055618,-0.0141082555055618,-0.0141082555055618,0.0313349142670631,1,,,,,,
2026-05-06,pucon,-0.0141082555055618,-0.0141082555055618,-0.0141082555055618,-0.0141082555055618,0.0313349142670631,1,,,,,,
2026-05-07,pucon,-0.0141082555055618,-0.0141082555055618,-0.0141082555055618,-0.0141082555055618,0.0205011144280433,0,,,,,,
2026-05-08,pucon,-0.0141082555055618,-0.0141082555055618,-0.0141082555055618,-0.0141082555055618,0.0205011144280433,0,,,,,,
2026-05-09,pucon,-0.0141082555055618,-0.0141082555055618,-0.0141082555055618,0.0313349142670631,0.0205011144280433,0,,,,,,
2026-05-10,pucon,0.0313349142670631,-0.0141082555055618,-0.0141082555055618,0.0313349142670631,-0.0398355573415756,0,,,,,,
2026-05-11,pucon,0.0313349142670631,-0.0141082555055618,-0.0141082555055618,0.0313349142670631,-0.0398355573415756,0,,,,,,
2026-05-12,pucon,0.0313349142670631,0.0313349142670631,-0.0141082555055618,0.0313349142670631,0.0118266642093658,0,,,,,,
2026-05-13,pucon,0.0313349142670631,0.0313349142670631,-0.0141082555055618,0.0313349142670631,0.0118266642093658,0,,,,,,
2026-05-14,pucon,0.0313349142670631,0.0313349142670631,-0.0141082555055618,0.0205011144280433,0.0362139791250228,1,,,,,,
2026-05-15,pucon,0.0205011144280433,0.0313349142670631,-0.0141082555055618,0.0205011144280433,0.0060438141226768,0,,,,,,
2026-05-16,pucon,0.0205011144280433,0.0313349142670631,0.0313349142670631,0.0205011144280433,0.0060438141226768,0,,,,,,
2026-05-17,pucon,0.0205011144280433,0.0205011144280433,0.0313349142670631,-0.0398355573415756,0.0060438141226768,0,,,,,,
2026-05-18,pucon,-0.0398355573415756,0.0205011144280433,0.0313349142670631,-0.0398355573415756,0.0060438141226768,0,,,,,,
2026-05-19,pucon,-0.0398355573415756,0.0205011144280433,0.0313349142670631,0.0118266642093658,0.0060438141226768,0,,,,,,
2026-05-20,pucon,0.0118266642093658,-0.0398355573415756,0.0313349142670631,0.0118266642093658,0.0060438141226768,0,,,,,,
2026-05-21,pucon,0.0118266642093658,-0.0398355573415756,0.0205011144280433,0.0362139791250228,0.0060438141226768,0,,,,,,
2026-05-22,pucon,0.0362139791250228,0.0118266642093658,0.0205011144280433,0.0060438141226768,0.0060438141226768,0,,,,,,
2026-05-23,pucon,0.0060438141226768,0.0118266642093658,0.0205011144280433,0.0060438141226768,0.0060438141226768,0,,,,,,
2026-05-24,pucon,0.0060438141226768,0.0362139791250228,-0.0398355573415756,0.0060438141226768,0.0060438141226768,0,,,,,,
2026-05-25,pucon,0.0060438141226768,0.0060438141226768,-0.0398355573415756,0.0060438141226768,0.0060438141226768,0,,,,,,
2026-05-26,pucon,0.0060438141226768,0.0060438141226768,0.0118266642093658,0.0060438141226768,0.0060438141226768,0,,,,,,
2026-05-27,pucon,0.0060438141226768,0.0060438141226768,0.0118266642093658,0.0060438141226768,0.0060438141226768,0,,,,,,
2026-05-28,pucon,0.0060438141226768,0.0060438141226768,0.0362139791250228,0.0060438141226768,0.0060438141226768,0,,,,,,
2026-05-29,pucon,0.0060438141226768,0.0060438141226768,0.0060438141226768,0.0060438141226768,0.0060438141226768,0,,,,,,
2026-05-30,pucon,0.0060438141226768,0.0060438141226768,0.0060438141226768,0.0060438141226768,0.0060438141226768,0,,,,,,
2026-05-31,pucon,0.0060438141226768,0.0060438141226768,0.0060438141226768,0.0060438141226768,0.0060438141226768,0,,,,,,
2026-06-01,pucon,0.0060438141226768,0.0060438141226768,0.0060438141226768,0.0060438141226768,-0.0004015862941741,0,,,,,,
2026-06-02,pucon,0.0060438141226768,0.0060438141226768,0.0060438141226768,0.0060438141226768,-0.0004015862941741,0,,,,,,
2026-06-03,pucon,0.0060438141226768,0.0060438141226768,0.0060438141226768,0.0060438141226768,-0.0004015862941741,0,,,,,,
2026-06-04,pucon,0.0060438141226768,0.0060438141226768,0.0060438141226768,0.0060438141226768,-0.0004015862941741,0,,,,,,
2026-06-05,pucon,0.0060438141226768,0.0060438141226768,0.0060438141226768,0.0060438141226768,-0.0004015862941741,0,,,,,,
2026-06-06,pucon,0.0060438141226768,0.0060438141226768,0.0060438141226768,0.0060438141226768,0.0062787309288978,0,,,,,,
2026-06-07,pucon,0.0060438141226768,0.0060438141226768,0.0060438141226768,0.0060438141226768,0.0062787309288978,0,,,,,,
2026-06-08,pucon,0.0060438141226768,0.0060438141226768,0.0060438141226768,-0.0004015862941741,0.0062787309288978,0,,,,,,
2026-06-09,pucon,-0.0004015862941741,0.0060438141226768,0.0060438141226768,-0.0004015862941741,0.0296444445848464,1,,,,,,
2026-06-10,pucon,-0.0004015862941741,0.0060438141226768,0.0060438141226768,-0.0004015862941741,0.0296444445848464,1,,,,,,
2026-06-11,pucon,-0.0004015862941741,-0.0004015862941741,0.0060438141226768,-0.0004015862941741,0.0296444445848464,1,,,,,,
2026-06-12,pucon,-0.0004015862941741,-0.0004015862941741,0.0060438141226768,-0.0004015862941741,0.0296444445848464,1,,,,,,
2026-06-13,pucon,-0.0004015862941741,-0.0004015862941741,0.0060438141226768,0.0062787309288978,0.0296444445848464,1,,,,,,
2026-06-14,pucon,0.0062787309288978,-0.0004015862941741,0.0060438141226768,0.0062787309288978,0.0296444445848464,1,,,,,,
2026-06-15,pucon,0.0062787309288978,-0.0004015862941741,-0.0004015862941741,0.0062787309288978,0.0296444445848464,1,,,,,,
2026-06-16,pucon,0.0062787309288978,0.0062787309288978,-0.0004015862941741,0.0296444445848464,0.0296444445848464,1,,,,,,
2026-06-17,pucon,0.0296444445848464,0.0062787309288978,-0.0004015862941741,0.0296444445848464,0.0296444445848464,1,,,,,,
2026-06-18,pucon,0.0296444445848464,0.0062787309288978,-0.0004015862941741,0.0296444445848464,0.0296444445848464,1,,,,,,
2026-06-19,pucon,0.0296444445848464,0.0296444445848464,-0.0004015862941741,0.0296444445848464,0.0296444445848464,1,,,,,,
2026-06-20,pucon,0.0296444445848464,0.0296444445848464,0.0062787309288978,0.0296444445848464,0.0296444445848464,1,,,,,,
2026-06-21,pucon,0.0296444445848464,0.0296444445848464,0.0062787309288978,0.0296444445848464,0.0296444445848464,1,,,,,,
2026-06-22,pucon,0.0296444445848464,0.0296444445848464,0.0062787309288978,0.0296444445848464,0.0296444445848464,1,,,,,,
2026-06-23,pucon,0.0296444445848464,0.0296444445848464,0.0296444445848464,0.0296444445848464,0.0296444445848464,1,,,,,,
2026-06-24,pucon,0.0296444445848464,0.0296444445848464,0.0296444445848464,0.0296444445848464,0.0797620639204979,1,,,,,,
2026-06-25,pucon,0.0296444445848464,0.0296444445848464,0.0296444445848464,0.0296444445848464,0.0797620639204979,1,,,,,,
2026-06-26,pucon,0.0296444445848464,0.0296444445848464,0.0296444445848464,0.0296444445848464,-0.0167996808886528,0,,,,,,
2026-06-27,pucon,0.0296444445848464,0.0296444445848464,0.0296444445848464,0.0296444445848464,-0.0167996808886528,0,,,,,,
2026-06-28,pucon,0.0296444445848464,0.0296444445848464,0.0296444445848464,0.0296444445848464,-0.0167996808886528,0,,,,,,
2026-06-29,pucon,0.0296444445848464,0.0296444445848464,0.0296444445848464,0.0296444445848464,-0.0167996808886528,0,,,,,,
2026-06-30,pucon,0.0296444445848464,0.0296444445848464,0.0296444445848464,0.0296444445848464,-0.0167996808886528,0,,,,,,
2026-07-01,pucon,0.0296444445848464,0.0296444445848464,0.0296444445848464,0.0797620639204979,-0.0167996808886528,0,,,,,,
2026-07-02,pucon,0.0797620639204979,0.0296444445848464,0.0296444445848464,0.0797620639204979,-0.0167996808886528,0,,,,,,
2026-07-03,pucon,0.0797620639204979,0.0296444445848464,0.0296444445848464,-0.0167996808886528,-0.0167996808886528,0,,,,,,
2026-07-04,pucon,-0.0167996808886528,0.0797620639204979,0.0296444445848464,-0.0167996808886528,0.0038455575704574,0,,,,,,
2026-07-05,pucon,-0.0167996808886528,0.0797620639204979,0.0296444445848464,-0.0167996808886528,0.0038455575704574,0,,,,,,
2026-07-06,pucon,-0.0167996808886528,-0.0167996808886528,0.0296444445848464,-0.0167996808886528,0.0038455575704574,0,,,,,,
2026-07-07,pucon,-0.0167996808886528,-0.0167996808886528,0.0296444445848464,-0.0167996808886528,0.0038455575704574,0,,,,,,
2026-07-08,pucon,-0.0167996808886528,-0.0167996808886528,0.0797620639204979,-0.0167996808886528,0.0038455575704574,0,,,,,,
2026-07-09,pucon,-0.0167996808886528,-0.0167996808886528,0.0797620639204979,-0.0167996808886528,0.0038455575704574,0,,,,,,
2026-07-10,pucon,-0.0167996808886528,-0.0167996808886528,-0.0167996808886528,-0.0167996808886528,0.0038455575704574,0,,,,,,
2026-07-11,pucon,-0.0167996808886528,-0.0167996808886528,-0.0167996808886528,0.0038455575704574,0.0038455575704574,0,,,,,,
2026-07-12,pucon,0.0038455575704574,-0.0167996808886528,-0.0167996808886528,0.0038455575704574,0.0038455575704574,0,,,,,,
2026-07-13,pucon,0.0038455575704574,-0.0167996808886528,-0.0167996808886528,0.0038455575704574,0.0038455575704574,0,,,,,,
2026-07-14,pucon,0.0038455575704574,0.0038455575704574,-0.0167996808886528,0.0038455575704574,0.0038455575704574,0,,,,,,
2026-07-15,pucon,0.0038455575704574,0.0038455575704574,-0.0167996808886528,0.0038455575704574,0.0038455575704574,0,,,,,,
2026-07-16,pucon,0.0038455575704574,0.0038455575704574,-0.0167996808886528,0.0038455575704574,0.0038455575704574,0,,,,,,
2026-07-17,pucon,0.0038455575704574,0.0038455575704574,-0.0167996808886528,0.0038455575704574,0.0038455575704574,0,,,,,,
2026-07-18,pucon,0.0038455575704574,0.0038455575704574,0.0038455575704574,0.0038455575704574,0.0038455575704574,0,,,,,,
2026-07-19,pucon,0.0038455575704574,0.0038455575704574,0.0038455575704574,0.0038455575704574,0.0038455575704574,0,,,,,,
2026-07-20,pucon,0.0038455575704574,0.0038455575704574,0.0038455575704574,0.0038455575704574,0.0038455575704574,0,,,,,,
2026-07-21,pucon,0.0038455575704574,0.0038455575704574,0.0038455575704574,0.0038455575704574,0.0038455575704574,0,,,,,,
2026-07-22,pucon,0.0038455575704574,0.0038455575704574,0.0038455575704574,0.0038455575704574,0.0038455575704574,0,,,,,,
2026-07-23,pucon,0.0038455575704574,0.0038455575704574,0.0038455575704574,0.0038455575704574,0.0038455575704574,0,,,,,,
2026-07-24,pucon,0.0038455575704574,0.0038455575704574,0.0038455575704574,0.0038455575704574,0.0038455575704574,0,,,,,,
2026-07-25,pucon,0.0038455575704574,0.0038455575704574,0.0038455575704574,0.0038455575704574,0.0038455575704574,0,,,,,,
2026-07-26,pucon,0.0038455575704574,0.0038455575704574,0.0038455575704574,0.0038455575704574,0.0038455575704574,0,,,,,,
2026-07-27,pucon,0.0038455575704574,0.0038455575704574,0.0038455575704574,0.0038455575704574,0.0038455575704574,0,,,,,,
2026-07-28,pucon,0.0038455575704574,0.0038455575704574,0.0038455575704574,0.0038455575704574,0.0038455575704574,0,,,,,,
2026-07-29,pucon,0.0038455575704574,0.0038455575704574,0.0038455575704574,0.0038455575704574,0.0038455575704574,0,,,,,,
2026-07-30,pucon,0.0038455575704574,0.0038455575704574,0.0038455575704574,0.0038455575704574,0.0038455575704574,0,,,,,,
2026-07-31,pucon,0.0038455575704574,0.0038455575704574,0.0038455575704574,0.0038455575704574,0.0038455575704574,0,,,,,,
2026-08-01,pucon,0.0038455575704574,0.0038455575704574,0.0038455575704574,0.0038455575704574,0.0038455575704574,0,,,,,,
2026-08-02,pucon,0.0038455575704574,0.0038455575704574,0.0038455575704574,0.0038455575704574,0.0038455575704574,0,,,,,,
2026-08-03,pucon,0.0038455575704574,0.0038455575704574,0.0038455575704574,0.0038455575704574,0.0038455575704574,0,,,,,,
2026-08-04,pucon,0.0038455575704574,0.0038455575704574,0.0038455575704574,0.0038455575704574,0.0038455575704574,0,,,,,,
2026-08-05,pucon,0.0038455575704574,0.0038455575704574,0.0038455575704574,0.0038455575704574,0.0260181054472923,1,,,,,,
2026-08-06,pucon,0.0038455575704574,0.0038455575704574,0.0038455575704574,0.0038455575704574,0.0260181054472923,1,,,,,,
2026-08-07,pucon,0.0038455575704574,0.0038455575704574,0.0038455575704574,0.0038455575704574,0.0260181054472923,1,,,,,,
2026-08-08,pucon,0.0038455575704574,0.0038455575704574,0.0038455575704574,0.0038455575704574,0.0260181054472923,1,,,,,,
2026-08-09,pucon,0.0038455575704574,0.0038455575704574,0.0038455575704574,0.0038455575704574,0.0260181054472923,1,,,,,,
2026-08-10,pucon,0.0038455575704574,0.0038455575704574,0.0038455575704574,0.0038455575704574,-0.0063419118523597,0,,,,,,
2026-08-11,pucon,0.0038455575704574,0.0038455575704574,0.0038455575704574,0.0038455575704574,-0.0063419118523597,0,,,,,,
2026-08-12,pucon,0.0038455575704574,0.0038455575704574,0.0038455575704574,0.0260181054472923,-0.0063419118523597,0,,,,,,
2026-08-13,pucon,0.0260181054472923,0.0038455575704574,0.0038455575704574,0.0260181054472923,-0.0063419118523597,0,,,,,,
2026-08-14,pucon,0.0260181054472923,0.0038455575704574,0.0038455575704574,0.0260181054472923,-0.0063419118523597,0,,,,,,
2026-08-15,pucon,0.0260181054472923,0.0260181054472923,0.0038455575704574,0.0260181054472923,0.0585119575262069,1,,,,,,
2025-09-11,norte,0.0007063492084853,0.0007063492084853,0.0008130158530548,0.0007063492084853,-0.0021746030542999,0,,,,,,
2025-09-12,norte,0.0007063492084853,0.0007063492084853,0.0008130158530548,0.0007063492084853,-0.0021746030542999,0,,,,,,
2025-09-13,norte,0.0007063492084853,0.0007063492084853,0.0007063492084853,0.0007063492084853,-0.0021746030542999,0,,,,,,
2025-09-14,norte,0.0007063492084853,0.0007063492084853,0.0007063492084853,-0.0021746030542999,-0.0021746030542999,0,,,,,,
2025-09-15,norte,-0.0021746030542999,0.0007063492084853,0.0007063492084853,-0.0021746030542999,-0.0021746030542999,0,,,,,,
2025-09-16,norte,-0.0021746030542999,0.0007063492084853,0.0007063492084853,-0.0021746030542999,-0.0021746030542999,0,,,,,,
2025-09-17,norte,-0.0021746030542999,-0.0021746030542999,0.0007063492084853,-0.0021746030542999,-0.0021746030542999,0,,,,,,
2025-09-18,norte,-0.0021746030542999,-0.0021746030542999,0.0007063492084853,-0.0021746030542999,-0.0021746030542999,0,,,,,,
2025-09-19,norte,-0.0021746030542999,-0.0021746030542999,0.0007063492084853,-0.0021746030542999,-0.0021746030542999,0,,,,,,
2025-09-20,norte,-0.0021746030542999,-0.0021746030542999,0.0007063492084853,-0.0021746030542999,-0.0021746030542999,0,,,,,,
2025-09-21,norte,-0.0021746030542999,-0.0021746030542999,-0.0021746030542999,-0.0021746030542999,-0.0021746030542999,0,,,,,,
2025-09-22,norte,-0.0021746030542999,-0.0021746030542999,-0.0021746030542999,-0.0021746030542999,-0.0021746030542999,0,,,,,,
2025-09-23,norte,-0.0021746030542999,-0.0021746030542999,-0.0021746030542999,-0.0021746030542999,-0.0021746030542999,0,,,,,,
2025-09-24,norte,-0.0021746030542999,-0.0021746030542999,-0.0021746030542999,-0.0021746030542999,-0.0021746030542999,0,,,,,,
2025-09-25,norte,-0.0021746030542999,-0.0021746030542999,-0.0021746030542999,-0.0021746030542999,-0.0021746030542999,0,,,,,,
2025-09-26,norte,-0.0021746030542999,-0.0021746030542999,-0.0021746030542999,-0.0021746030542999,-0.0021746030542999,0,,,,,,
2025-09-27,norte,-0.0021746030542999,-0.0021746030542999,-0.0021746030542999,-0.0021746030542999,-0.0021746030542999,0,,,,,,
2025-09-28,norte,-0.0021746030542999,-0.0021746030542999,-0.0021746030542999,-0.0021746030542999,-0.0021746030542999,0,,,,,,
2025-09-29,norte,-0.0021746030542999,-0.0021746030542999,-0.0021746030542999,-0.0021746030542999,-0.0021746030542999,0,,,,,,
2025-09-30,norte,-0.0021746030542999,-0.0021746030542999,-0.0021746030542999,-0.0021746030542999,-0.0021746030542999,0,,,,,,
2025-10-01,norte,-0.0021746030542999,-0.0021746030542999,-0.0021746030542999,-0.0021746030542999,-0.0021746030542999,0,,,,,,
2025-10-02,norte,-0.0021746030542999,-0.0021746030542999,-0.0021746030542999,-0.0021746030542999,-0.0021746030542999,0,,,,,,
2025-10-03,norte,-0.0021746030542999,-0.0021746030542999,-0.0021746030542999,-0.0021746030542999,-0.0021746030542999,0,,,,,,
2025-10-04,norte,-0.0021746030542999,-0.0021746030542999,-0.0021746030542999,-0.0021746030542999,-0.0021746030542999,0,,,,,,
2025-10-05,norte,-0.0021746030542999,-0.0021746030542999,-0.0021746030542999,-0.0021746030542999,-0.0021746030542999,0,,,,,,
2025-10-06,norte,-0.0021746030542999,-0.0021746030542999,-0.0021746030542999,-0.0021746030542999,-0.0021746030542999,0,,,,,,
2025-10-07,norte,-0.0021746030542999,-0.0021746030542999,-0.0021746030542999,-0.0021746030542999,-0.0021746030542999,0,,,,,,
2025-10-08,norte,-0.0021746030542999,-0.0021746030542999,-0.0021746030542999,-0.0021746030542999,-0.0021746030542999,0,,,,,,
2025-10-09,norte,-0.0021746030542999,-0.0021746030542999,-0.0021746030542999,-0.0021746030542999,0.0013060317141935,0,,,,,,
2025-10-10,norte,-0.0021746030542999,-0.0021746030542999,-0.0021746030542999,-0.0021746030542999,0.0013060317141935,0,,,,,,
2025-10-11,norte,-0.0021746030542999,-0.0021746030542999,-0.0021746030542999,-0.0021746030542999,0.0013060317141935,0,,,,,,
2025-10-12,norte,-0.0021746030542999,-0.0021746030542999,-0.0021746030542999,-0.0021746030542999,0.0013060317141935,0,,,,,,
2025-10-13,norte,-0.0021746030542999,-0.0021746030542999,-0.0021746030542999,-0.0021746030542999,0.0013060317141935,0,,,,,,
2025-10-14,norte,-0.0021746030542999,-0.0021746030542999,-0.0021746030542999,-0.0021746030542999,0.0013060317141935,0,,,,,,
2025-10-15,norte,-0.0021746030542999,-0.0021746030542999,-0.0021746030542999,-0.0021746030542999,0.0013060317141935,0,,,,,,
2025-10-16,norte,-0.0021746030542999,-0.0021746030542999,-0.0021746030542999,0.0013060317141935,0.0013060317141935,0,,,,,,
2025-10-17,norte,0.0013060317141935,-0.0021746030542999,-0.0021746030542999,0.0013060317141935,0.0013060317141935,0,,,,,,
2025-10-18,norte,0.0013060317141935,-0.0021746030542999,-0.0021746030542999,0.0013060317141935,0.0013060317141935,0,,,,,,
2025-10-19,norte,0.0013060317141935,0.0013060317141935,-0.0021746030542999,0.0013060317141935,0.0013060317141935,0,,,,,,
2025-10-20,norte,0.0013060317141935,0.0013060317141935,-0.0021746030542999,0.0013060317141935,0.0013060317141935,0,,,,,,
2025-10-21,norte,0.0013060317141935,0.0013060317141935,-0.0021746030542999,0.0013060317141935,0.0013060317141935,0,,,,,,
2025-10-22,norte,0.0013060317141935,0.0013060317141935,-0.0021746030542999,0.0013060317141935,0.0013060317141935,0,,,,,,
2025-10-23,norte,0.0013060317141935,0.0013060317141935,0.0013060317141935,0.0013060317141935,0.0013060317141935,0,,,,,,
2025-10-24,norte,0.0013060317141935,0.0013060317141935,0.0013060317141935,0.0013060317141935,0.0013060317141935,0,,,,,,
2025-10-25,norte,0.0013060317141935,0.0013060317141935,0.0013060317141935,0.0013060317141935,0.0013060317141935,0,,,,,,
2025-10-26,norte,0.0013060317141935,0.0013060317141935,0.0013060317141935,0.0013060317141935,0.0013060317141935,0,,,,,,
2025-10-27,norte,0.0013060317141935,0.0013060317141935,0.0013060317141935,0.0013060317141935,0.0013060317141935,0,,,,,,
2025-10-28,norte,0.0013060317141935,0.0013060317141935,0.0013060317141935,0.0013060317141935,0.0013060317141935,0,,,,,,
2025-10-29,norte,0.0013060317141935,0.0013060317141935,0.0013060317141935,0.0013060317141935,0.0013060317141935,0,,,,,,
2025-10-30,norte,0.0013060317141935,0.0013060317141935,0.0013060317141935,0.0013060317141935,0.0013060317141935,0,,,,,,
2025-10-31,norte,0.0013060317141935,0.0013060317141935,0.0013060317141935,0.0013060317141935,0.0013060317141935,0,,,,,,
2025-11-01,norte,0.0013060317141935,0.0013060317141935,0.0013060317141935,0.0013060317141935,0.0013060317141935,0,,,,,,
2025-11-02,norte,0.0013060317141935,0.0013060317141935,0.0013060317141935,0.0013060317141935,0.0013060317141935,0,,,,,,
2025-11-03,norte,0.0013060317141935,0.0013060317141935,0.0013060317141935,0.0013060317141935,0.0013060317141935,0,,,,,,
2025-11-04,norte,0.0013060317141935,0.0013060317141935,0.0013060317141935,0.0013060317141935,0.0013060317141935,0,,,,,,
2025-11-05,norte,0.0013060317141935,0.0013060317141935,0.0013060317141935,0.0013060317141935,0.001893650740385,0,,,,,,
2025-11-06,norte,0.0013060317141935,0.0013060317141935,0.0013060317141935,0.0013060317141935,0.0043123802170157,0,,,,,,
2025-11-07,norte,0.0013060317141935,0.0013060317141935,0.0013060317141935,0.0013060317141935,0.0043123802170157,0,,,,,,
2025-11-08,norte,0.0013060317141935,0.0013060317141935,0.0013060317141935,0.0013060317141935,0.0043123802170157,0,,,,,,
2025-11-09,norte,0.0013060317141935,0.0013060317141935,0.0013060317141935,0.0013060317141935,0.0043123802170157,0,,,,,,
2025-11-10,norte,0.0013060317141935,0.0013060317141935,0.0013060317141935,0.0013060317141935,0.0043123802170157,0,,,,,,
2025-11-11,norte,0.0013060317141935,0.0013060317141935,0.0013060317141935,0.0013060317141935,0.0043123802170157,0,,,,,,
2025-11-12,norte,0.0013060317141935,0.0013060317141935,0.0013060317141935,0.001893650740385,0.0043123802170157,0,,,,,,
2025-11-13,norte,0.001893650740385,0.0013060317141935,0.0013060317141935,0.0043123802170157,0.0043123802170157,0,,,,,,
2025-11-14,norte,0.0043123802170157,0.0013060317141935,0.0013060317141935,0.0043123802170157,0.0043123802170157,0,,,,,,
2025-11-15,norte,0.0043123802170157,0.001893650740385,0.0013060317141935,0.0043123802170157,0.0043123802170157,0,,,,,,
2025-11-16,norte,0.0043123802170157,0.0043123802170157,0.0013060317141935,0.0043123802170157,0.0034434916451573,0,,,,,,
2025-11-17,norte,0.0043123802170157,0.0043123802170157,0.0013060317141935,0.0043123802170157,0.0034434916451573,0,,,,,,
2025-11-18,norte,0.0043123802170157,0.0043123802170157,0.0013060317141935,0.0043123802170157,0.0009438095730729,0,,,,,,
2025-11-19,norte,0.0043123802170157,0.0043123802170157,0.001893650740385,0.0043123802170157,0.0009438095730729,0,,,,,,
2025-11-20,norte,0.0043123802170157,0.0043123802170157,0.0043123802170157,0.0043123802170157,0.0009438095730729,0,,,,,,
2025-11-21,norte,0.0043123802170157,0.0043123802170157,0.0043123802170157,0.0043123802170157,0.0009438095730729,0,,,,,,
2025-11-22,norte,0.0043123802170157,0.0043123802170157,0.0043123802170157,0.0043123802170157,0.0009438095730729,0,,,,,,
2025-11-23,norte,0.0043123802170157,0.0043123802170157,0.0043123802170157,0.0034434916451573,0.0009438095730729,0,,,,,,
2025-11-24,norte,0.0034434916451573,0.0043123802170157,0.0043123802170157,0.0034434916451573,0.0009438095730729,0,,,,,,
2025-11-25,norte,0.0034434916451573,0.0043123802170157,0.0043123802170157,0.0009438095730729,0.0009438095730729,0,,,,,,
2025-11-26,norte,0.0009438095730729,0.0034434916451573,0.0043123802170157,0.0009438095730729,8.349213749170303e-05,0,,,,,,
2025-11-27,norte,0.0009438095730729,0.0034434916451573,0.0043123802170157,0.0009438095730729,8.349213749170303e-05,0,,,,,,
2025-11-28,norte,0.0009438095730729,0.0009438095730729,0.0043123802170157,0.0009438095730729,0.0017936506774276,0,,,,,,
2025-11-29,norte,0.0009438095730729,0.0009438095730729,0.0043123802170157,0.0009438095730729,0.0017936506774276,0,,,,,,
2025-11-30,norte,0.0009438095730729,0.0009438095730729,0.0034434916451573,0.0009438095730729,0.0017936506774276,0,,,,,,
2025-12-01,norte,0.0009438095730729,0.0009438095730729,0.0034434916451573,0.0009438095730729,0.0017936506774276,0,,,,,,
2025-12-02,norte,0.0009438095730729,0.0009438095730729,0.0009438095730729,0.0009438095730729,0.0017936506774276,0,,,,,,
2025-12-03,norte,0.0009438095730729,0.0009438095730729,0.0009438095730729,8.349213749170303e-05,0.0017936506774276,0,,,,,,
2025-12-04,norte,8.349213749170303e-05,0.0009438095730729,0.0009438095730729,8.349213749170303e-05,0.0017936506774276,0,,,,,,
2025-12-05,norte,8.349213749170303e-05,0.0009438095730729,0.0009438095730729,0.0017936506774276,0.0017936506774276,0,,,,,,
2025-12-06,norte,0.0017936506774276,8.349213749170303e-05,0.0009438095730729,0.0017936506774276,0.0017936506774276,0,,,,,,
2025-12-07,norte,0.0017936506774276,8.349213749170303e-05,0.0009438095730729,0.0017936506774276,0.0017936506774276,0,,,,,,
2025-12-08,norte,0.0017936506774276,0.0017936506774276,0.0009438095730729,0.0017936506774276,0.0017936506774276,0,,,,,,
2025-12-09,norte,0.0017936506774276,0.0017936506774276,0.0009438095730729,0.0017936506774276,0.0017936506774276,0,,,,,,
2025-12-10,norte,0.0017936506774276,0.0017936506774276,8.349213749170303e-05,0.0017936506774276,0.0017936506774276,0,,,,,,
2025-12-11,norte,0.0017936506774276,0.0017936506774276,8.349213749170303e-05,0.0017936506774276,0.0013682544231414,0,,,,,,
2025-12-12,norte,0.0017936506774276,0.0017936506774276,0.0017936506774276,0.0017936506774276,0.0013682544231414,0,,,,,,
2025-12-13,norte,0.0017936506774276,0.0017936506774276,0.0017936506774276,0.0017936506774276,0.0013682544231414,0,,,,,,
2025-12-14,norte,0.0017936506774276,0.0017936506774276,0.0017936506774276,0.0017936506774276,0.0013682544231414,0,,,,,,
2025-12-15,norte,0.0017936506774276,0.0017936506774276,0.0017936506774276,0.0017936506774276,0.0013682544231414,0,,,,,,
2025-12-16,norte,0.0017936506774276,0.0017936506774276,0.0017936506774276,0.0017936506774276,0.0013682544231414,0,,,,,,
2025-12-17,norte,0.0017936506774276,0.0017936506774276,0.0017936506774276,0.0017936506774276,0.0013682544231414,0,,,,,,
2025-12-18,norte,0.0017936506774276,0.0017936506774276,0.0017936506774276,0.0013682544231414,-0.0003444445319473,0,,,,,,
2025-12-19,norte,0.0013682544231414,0.0017936506774276,0.0017936506774276,0.0013682544231414,-0.0003444445319473,0,,,,,,
2025-12-20,norte,0.0013682544231414,0.0017936506774276,0.0017936506774276,0.0013682544231414,-0.0003444445319473,0,,,,,,
2025-12-21,norte,0.0013682544231414,0.0013682544231414,0.0017936506774276,0.0013682544231414,0.0023050792515277,0,,,,,,
2025-12-22,norte,0.0013682544231414,0.0013682544231414,0.0017936506774276,0.0013682544231414,0.0023050792515277,0,,,,,,
2025-12-23,norte,0.0013682544231414,0.0013682544231414,0.0017936506774276,0.0013682544231414,0.0015190475387498,0,,,,,,
2025-12-24,norte,0.0013682544231414,0.0013682544231414,0.0017936506774276,0.0013682544231414,0.0015190475387498,0,,,,,,
2025-12-25,norte,0.0013682544231414,0.0013682544231414,0.0013682544231414,-0.0003444445319473,0.0015190475387498,0,,,,,,
2025-12-26,norte,-0.0003444445319473,0.0013682544231414,0.0013682544231414,-0.0003444445319473,0.0010622227564454,0,,,,,,
2025-12-27,norte,-0.0003444445319473,0.0013682544231414,0.0013682544231414,-0.0003444445319473,0.0010622227564454,0,,,,,,
2025-12-28,norte,-0.0003444445319473,-0.0003444445319473,0.0013682544231414,0.0023050792515277,0.0009685717523097,0,,,,,,
2025-12-29,norte,0.0023050792515277,-0.0003444445319473,0.0013682544231414,0.0023050792515277,0.0009685717523097,0,,,,,,
2025-12-30,norte,0.0023050792515277,-0.0003444445319473,0.0013682544231414,0.0015190475387498,0.0009685717523097,0,,,,,,
2025-12-31,norte,0.0015190475387498,0.0023050792515277,0.0013682544231414,0.0015190475387498,0.000849523814395,0,,,,,,
2026-01-01,norte,0.0015190475387498,0.0023050792515277,-0.0003444445319473,0.0015190475387498,0.000849523814395,0,,,,,,
2026-01-02,norte,0.0015190475387498,0.0015190475387498,-0.0003444445319473,0.0010622227564454,0.000775238033384,0,,,,,,
2026-01-03,norte,0.0010622227564454,0.0015190475387498,-0.0003444445319473,0.0010622227564454,0.000775238033384,0,,,,,,
2026-01-04,norte,0.0010622227564454,0.0015190475387498,0.0023050792515277,0.0009685717523097,0.0006558732129633,0,,,,,,
2026-01-05,norte,0.0009685717523097,0.0010622227564454,0.0023050792515277,0.0009685717523097,0.0006558732129633,0,,,,,,
2026-01-06,norte,0.0009685717523097,0.0010622227564454,0.0015190475387498,0.0009685717523097,0.0006558732129633,0,,,,,,
2026-01-07,norte,0.0009685717523097,0.0009685717523097,0.0015190475387498,0.000849523814395,0.0006558732129633,0,,,,,,
2026-01-08,norte,0.000849523814395,0.0009685717523097,0.0015190475387498,0.000849523814395,0.0006558732129633,0,,,,,,
2026-01-09,norte,0.000849523814395,0.0009685717523097,0.0010622227564454,0.000775238033384,0.0006558732129633,0,,,,,,
2026-01-10,norte,0.000775238033384,0.000849523814395,0.0010622227564454,0.000775238033384,0.0028304765000939,0,,,,,,
2026-01-11,norte,0.000775238033384,0.000849523814395,0.0009685717523097,0.0006558732129633,0.0028304765000939,0,,,,,,
2026-01-12,norte,0.0006558732129633,0.000775238033384,0.0009685717523097,0.0006558732129633,0.0012126984074711,0,,,,,,
2026-01-13,norte,0.0006558732129633,0.000775238033384,0.0009685717523097,0.0006558732129633,0.0012126984074711,0,,,,,,
2026-01-14,norte,0.0006558732129633,0.0006558732129633,0.000849523814395,0.0006558732129633,0.0012126984074711,0,,,,,,
2026-01-15,norte,0.0006558732129633,0.0006558732129633,0.000849523814395,0.0006558732129633,0.001555873081088,0,,,,,,
2026-01-16,norte,0.0006558732129633,0.0006558732129633,0.000775238033384,0.0006558732129633,0.001555873081088,0,,,,,,
2026-01-17,norte,0.0006558732129633,0.0006558732129633,0.000775238033384,0.0028304765000939,-0.0256944950670003,0,,,,,,
2026-01-18,norte,0.0028304765000939,0.0006558732129633,0.0006558732129633,0.0028304765000939,-0.0256944950670003,0,,,,,,
2026-01-19,norte,0.0028304765000939,0.0006558732129633,0.0006558732129633,0.0012126984074711,-0.0256944950670003,0,,,,,,
2026-01-20,norte,0.0012126984074711,0.0028304765000939,0.0006558732129633,0.0012126984074711,-0.0256944950670003,0,,,,,,
2026-01-21,norte,0.0012126984074711,0.0028304765000939,0.0006558732129633,0.0012126984074711,-0.0256944950670003,0,,,,,,
2026-01-22,norte,0.0012126984074711,0.0012126984074711,0.0006558732129633,0.001555873081088,0.0003250790759921,0,,,,,,
2026-01-23,norte,0.001555873081088,0.0012126984074711,0.0006558732129633,0.001555873081088,0.0003250790759921,0,,,,,,
2026-01-24,norte,0.001555873081088,0.0012126984074711,0.0028304765000939,-0.0256944950670003,0.0003250790759921,0,,,,,,
2026-01-25,norte,-0.0256944950670003,0.001555873081088,0.0028304765000939,-0.0256944950670003,0.0007371427491307,0,,,,,,
2026-01-26,norte,-0.0256944950670003,0.001555873081088,0.0012126984074711,-0.0256944950670003,0.0007371427491307,0,,,,,,
2026-01-27,norte,-0.0256944950670003,-0.0256944950670003,0.0012126984074711,-0.0256944950670003,0.0007371427491307,0,,,,,,
2026-01-28,norte,-0.0256944950670003,-0.0256944950670003,0.0012126984074711,-0.0256944950670003,0.0007371427491307,0,,,,,,
2026-01-29,norte,-0.0256944950670003,-0.0256944950670003,0.001555873081088,0.0003250790759921,0.0007371427491307,0,,,,,,
2026-01-30,norte,0.0003250790759921,-0.0256944950670003,0.001555873081088,0.0003250790759921,5.5873068049550056e-05,0,,,,,,
2026-01-31,norte,0.0003250790759921,-0.0256944950670003,-0.0256944950670003,0.0003250790759921,5.5873068049550056e-05,0,,,,,,
2026-02-01,norte,0.0003250790759921,0.0003250790759921,-0.0256944950670003,0.0007371427491307,5.5873068049550056e-05,0,,,,,,
2026-02-02,norte,0.0007371427491307,0.0003250790759921,-0.0256944950670003,0.0007371427491307,5.5873068049550056e-05,0,,,,,,
2026-02-03,norte,0.0007371427491307,0.0003250790759921,-0.0256944950670003,0.0007371427491307,5.5873068049550056e-05,0,,,,,,
2026-02-04,norte,0.0007371427491307,0.0007371427491307,-0.0256944950670003,0.0007371427491307,5.5873068049550056e-05,0,,,,,,
2026-02-05,norte,0.0007371427491307,0.0007371427491307,0.0003250790759921,0.0007371427491307,5.5873068049550056e-05,0,,,,,,
2026-02-06,norte,0.0007371427491307,0.0007371427491307,0.0003250790759921,5.5873068049550056e-05,0.0004060317296534,0,,,,,,
2026-02-07,norte,5.5873068049550056e-05,0.0007371427491307,0.0003250790759921,5.5873068049550056e-05,0.0004060317296534,0,,,,,,
2026-02-08,norte,5.5873068049550056e-05,0.0007371427491307,0.0007371427491307,5.5873068049550056e-05,0.0004060317296534,0,,,,,,
2026-02-09,norte,5.5873068049550056e-05,5.5873068049550056e-05,0.0007371427491307,5.5873068049550056e-05,-6.666639819741249e-06,0,,,,,,
2026-02-10,norte,5.5873068049550056e-05,5.5873068049550056e-05,0.0007371427491307,5.5873068049550056e-05,-6.666639819741249e-06,0,,,,,,
2026-02-11,norte,5.5873068049550056e-05,5.5873068049550056e-05,0.0007371427491307,5.5873068049550056e-05,-6.666639819741249e-06,0,,,,,,
2026-02-12,norte,5.5873068049550056e-05,5.5873068049550056e-05,0.0007371427491307,5.5873068049550056e-05,-6.666639819741249e-06,0,,,,,,
2026-02-13,norte,5.5873068049550056e-05,5.5873068049550056e-05,5.5873068049550056e-05,0.0004060317296534,-6.666639819741249e-06,0,,,,,,
2026-02-14,norte,0.0004060317296534,5.5873068049550056e-05,5.5873068049550056e-05,0.0004060317296534,0.0007561903912574,0,,,,,,
2026-02-15,norte,0.0004060317296534,5.5873068049550056e-05,5.5873068049550056e-05,0.0004060317296534,0.0007561903912574,0,,,,,,
2026-02-16,norte,0.0004060317296534,0.0004060317296534,5.5873068049550056e-05,-6.666639819741249e-06,0.0007561903912574,0,,,,,,
2026-02-17,norte,-6.666639819741249e-06,0.0004060317296534,5.5873068049550056e-05,-6.666639819741249e-06,0.0007561903912574,0,,,,,,
2026-02-18,norte,-6.666639819741249e-06,0.0004060317296534,5.5873068049550056e-05,-6.666639819741249e-06,0.0007561903912574,0,,,,,,
2026-02-19,norte,-6.666639819741249e-06,-6.666639819741249e-06,5.5873068049550056e-05,-6.666639819741249e-06,0.0008495235815644,0,,,,,,
2026-02-20,norte,-6.666639819741249e-06,-6.666639819741249e-06,0.0004060317296534,-6.666639819741249e-06,0.0008495235815644,0,,,,,,
2026-02-21,norte,-6.666639819741249e-06,-6.666639819741249e-06,0.0004060317296534,0.0007561903912574,0.0008495235815644,0,,,,,,
2026-02-22,norte,0.0007561903912574,-6.666639819741249e-06,0.0004060317296534,0.0007561903912574,0.0008495235815644,0,,,,,,
2026-02-23,norte,0.0007561903912574,-6.666639819741249e-06,-6.666639819741249e-06,0.0007561903912574,0.0008495235815644,0,,,,,,
2026-02-24,norte,0.0007561903912574,0.0007561903912574,-6.666639819741249e-06,0.0007561903912574,0.0008495235815644,0,,,,,,
2026-02-25,norte,0.0007561903912574,0.0007561903912574,-6.666639819741249e-06,0.0007561903912574,0.0008495235815644,0,,,,,,
2026-02-26,norte,0.0007561903912574,0.0007561903912574,-6.666639819741249e-06,0.0008495235815644,-0.0007314286194741,0,,,,,,
2026-02-27,norte,0.0008495235815644,0.0007561903912574,-6.666639819741249e-06,0.0008495235815644,-0.0007314286194741,0,,,,,,
2026-02-28,norte,0.0008495235815644,0.0007561903912574,0.0007561903912574,0.0008495235815644,-0.0007314286194741,0,,,,,,
2026-03-01,norte,0.0008495235815644,0.0008495235815644,0.0007561903912574,0.0008495235815644,-0.0005946028977632,0,,,,,,
2026-03-02,norte,0.0008495235815644,0.0008495235815644,0.0007561903912574,0.0008495235815644,-0.0005946028977632,0,,,,,,
2026-03-03,norte,0.0008495235815644,0.0008495235815644,0.0007561903912574,0.0008495235815644,0.0001561907120048,0,,,,,,
2026-03-04,norte,0.0008495235815644,0.0008495235815644,0.0007561903912574,0.0008495235815644,0.0001561907120048,0,,,,,,
2026-03-05,norte,0.0008495235815644,0.0008495235815644,0.0008495235815644,-0.0007314286194741,0.0001561907120048,0,,,,,,
2026-03-06,norte,-0.0007314286194741,0.0008495235815644,0.0008495235815644,-0.0007314286194741,0.000256190309301,0,,,,,,
2026-03-07,norte,-0.0007314286194741,0.0008495235815644,0.0008495235815644,-0.0007314286194741,0.000256190309301,0,,,,,,
2026-03-08,norte,-0.0007314286194741,-0.0007314286194741,0.0008495235815644,-0.0005946028977632,0.000256190309301,0,,,,,,
2026-03-09,norte,-0.0005946028977632,-0.0007314286194741,0.0008495235815644,-0.0005946028977632,0.000256190309301,0,,,,,,
2026-03-10,norte,-0.0005946028977632,-0.0007314286194741,0.0008495235815644,0.0001561907120048,0.000256190309301,0,,,,,,
2026-03-11,norte,0.0001561907120048,-0.0005946028977632,0.0008495235815644,0.0001561907120048,0.000256190309301,0,,,,,,
2026-03-12,norte,0.0001561907120048,-0.0005946028977632,-0.0007314286194741,0.0001561907120048,0.000256190309301,0,,,,,,
2026-03-13,norte,0.0001561907120048,0.0001561907120048,-0.0007314286194741,0.000256190309301,0.000256190309301,0,,,,,,
2026-03-14,norte,0.000256190309301,0.0001561907120048,-0.0007314286194741,0.000256190309301,0.000256190309301,0,,,,,,
2026-03-15,norte,0.000256190309301,0.0001561907120048,-0.0005946028977632,0.000256190309301,0.000256190309301,0,,,,,,
2026-03-16,norte,0.000256190309301,0.000256190309301,-0.0005946028977632,0.000256190309301,0.000256190309301,0,,,,,,
2026-03-17,norte,0.000256190309301,0.000256190309301,0.0001561907120048,0.000256190309301,0.000256190309301,0,,,,,,
2026-03-18,norte,0.000256190309301,0.000256190309301,0.0001561907120048,0.000256190309301,-0.001268888823688,0,,,,,,
2026-03-19,norte,0.000256190309301,0.000256190309301,0.0001561907120048,0.000256190309301,-0.001268888823688,0,,,,,,
2026-03-20,norte,0.000256190309301,0.000256190309301,0.000256190309301,0.000256190309301,-0.001268888823688,0,,,,,,
2026-03-21,norte,0.000256190309301,0.000256190309301,0.000256190309301,0.000256190309301,-0.0040111094713211,0,,,,,,
2026-03-22,norte,0.000256190309301,0.000256190309301,0.000256190309301,0.000256190309301,-0.0040111094713211,0,,,,,,
2026-03-23,norte,0.000256190309301,0.000256190309301,0.000256190309301,0.000256190309301,-0.0010815875139087,0,,,,,,
2026-03-24,norte,0.000256190309301,0.000256190309301,0.000256190309301,0.000256190309301,-0.0010815875139087,0,,,,,,
2026-03-25,norte,0.000256190309301,0.000256190309301,0.000256190309301,-0.001268888823688,-0.0010815875139087,0,,,,,,
2026-03-26,norte,-0.001268888823688,0.000256190309301,0.000256190309301,-0.001268888823688,0.0005876190261915,0,,,,,,
2026-03-27,norte,-0.001268888823688,0.000256190309301,0.000256190309301,-0.001268888823688,0.0005876190261915,0,,,,,,
2026-03-28,norte,-0.001268888823688,-0.001268888823688,0.000256190309301,-0.0040111094713211,-0.0001625400036573,0,,,,,,
2026-03-29,norte,-0.0040111094713211,-0.001268888823688,0.000256190309301,-0.0040111094713211,-0.0001625400036573,0,,,,,,
2026-03-30,norte,-0.0040111094713211,-0.001268888823688,0.000256190309301,-0.0010815875139087,-0.0001625400036573,0,,,,,,
2026-03-31,norte,-0.0010815875139087,-0.0040111094713211,0.000256190309301,-0.0010815875139087,-0.0001625400036573,0,,,,,,
2026-04-01,norte,-0.0010815875139087,-0.0040111094713211,-0.001268888823688,-0.0010815875139087,-0.0001625400036573,0,,,,,,
2026-04-02,norte,-0.0010815875139087,-0.0010815875139087,-0.001268888823688,0.0005876190261915,0.0004504761600401,0,,,,,,
2026-04-03,norte,0.0005876190261915,-0.0010815875139087,-0.001268888823688,0.0005876190261915,0.0004504761600401,0,,,,,,
2026-04-04,norte,0.0005876190261915,-0.0010815875139087,-0.0040111094713211,-0.0001625400036573,0.0004504761600401,0,,,,,,
2026-04-05,norte,-0.0001625400036573,0.0005876190261915,-0.0040111094713211,-0.0001625400036573,0.0004504761600401,0,,,,,,
2026-04-06,norte,-0.0001625400036573,0.0005876190261915,-0.0010815875139087,-0.0001625400036573,0.0004504761600401,0,,,,,,
2026-04-07,norte,-0.0001625400036573,-0.0001625400036573,-0.0010815875139087,-0.0001625400036573,0.0004504761600401,0,,,,,,
2026-04-08,norte,-0.0001625400036573,-0.0001625400036573,-0.0010815875139087,-0.0001625400036573,0.0004504761600401,0,,,,,,
2026-04-09,norte,-0.0001625400036573,-0.0001625400036573,0.0005876190261915,0.0004504761600401,0.0004504761600401,0,,,,,,
2026-04-10,norte,0.0004504761600401,-0.0001625400036573,0.0005876190261915,0.0004504761600401,0.0004504761600401,0,,,,,,
2026-04-11,norte,0.0004504761600401,-0.0001625400036573,-0.0001625400036573,0.0004504761600401,0.0004504761600401,0,,,,,,
2026-04-12,norte,0.0004504761600401,0.0004504761600401,-0.0001625400036573,0.0004504761600401,0.0004377777513582,0,,,,,,
2026-04-13,norte,0.0004504761600401,0.0004504761600401,-0.0001625400036573,0.0004504761600401,0.0004377777513582,0,,,,,,
2026-04-14,norte,0.0004504761600401,0.0004504761600401,-0.0001625400036573,0.0004504761600401,0.0004377777513582,0,,,,,,
2026-04-15,norte,0.0004504761600401,0.0004504761600401,-0.0001625400036573,0.0004504761600401,0.0004377777513582,0,,,,,,
2026-04-16,norte,0.0004504761600401,0.0004504761600401,0.0004504761600401,0.0004504761600401,0.0004377777513582,0,,,,,,
2026-04-17,norte,0.0004504761600401,0.0004504761600401,0.0004504761600401,0.0004504761600401,0.0004377777513582,0,,,,,,
2026-04-18,norte,0.0004504761600401,0.0004504761600401,0.0004504761600401,0.0004504761600401,0.0004377777513582,0,,,,,,
2026-04-19,norte,0.0004504761600401,0.0004504761600401,0.0004504761600401,0.0004377777513582,0.0004377777513582,0,,,,,,
2026-04-20,norte,0.0004377777513582,0.0004504761600401,0.0004504761600401,0.0004377777513582,0.0004377777513582,0,,,,,,
2026-04-21,norte,0.0004377777513582,0.0004504761600401,0.0004504761600401,0.0004377777513582,0.0004377777513582,0,,,,,,
2026-04-22,norte,0.0004377777513582,0.0004377777513582,0.0004504761600401,0.0004377777513582,0.0004377777513582,0,,,,,,
2026-04-23,norte,0.0004377777513582,0.0004377777513582,0.0004504761600401,0.0004377777513582,0.0004377777513582,0,,,,,,
2026-04-24,norte,0.0004377777513582,0.0004377777513582,0.0004504761600401,0.0004377777513582,0.0004377777513582,0,,,,,,
2026-04-25,norte,0.0004377777513582,0.0004377777513582,0.0004504761600401,0.0004377777513582,0.0004377777513582,0,,,,,,
2026-04-26,norte,0.0004377777513582,0.0004377777513582,0.0004377777513582,0.0004377777513582,0.0004377777513582,0,,,,,,
2026-04-27,norte,0.0004377777513582,0.0004377777513582,0.0004377777513582,0.0004377777513582,0.0004377777513582,0,,,,,,
2026-04-28,norte,0.0004377777513582,0.0004377777513582,0.0004377777513582,0.0004377777513582,0.0004377777513582,0,,,,,,
2026-04-29,norte,0.0004377777513582,0.0004377777513582,0.0004377777513582,0.0004377777513582,0.0004377777513582,0,,,,,,
2026-04-30,norte,0.0004377777513582,0.0004377777513582,0.0004377777513582,0.0004377777513582,0.0004377777513582,0,,,,,,
2026-05-01,norte,0.0004377777513582,0.0004377777513582,0.0004377777513582,0.0004377777513582,0.0004377777513582,0,,,,,,
2026-05-02,norte,0.0004377777513582,0.0004377777513582,0.0004377777513582,0.0004377777513582,-0.0004120634985156,0,,,,,,
2026-05-03,norte,0.0004377777513582,0.0004377777513582,0.0004377777513582,0.0004377777513582,-0.0004120634985156,0,,,,,,
2026-05-04,norte,0.0004377777513582,0.0004377777513582,0.0004377777513582,0.0004377777513582,-0.0004120634985156,0,,,,,,
2026-05-05,norte,0.0004377777513582,0.0004377777513582,0.0004377777513582,0.0004377777513582,-0.0004120634985156,0,,,,,,
2026-05-06,norte,0.0004377777513582,0.0004377777513582,0.0004377777513582,0.0004377777513582,-0.0004120634985156,0,,,,,,
2026-05-07,norte,0.0004377777513582,0.0004377777513582,0.0004377777513582,0.0004377777513582,-3.746031870832667e-05,0,,,,,,
2026-05-08,norte,0.0004377777513582,0.0004377777513582,0.0004377777513582,0.0004377777513582,-3.746031870832667e-05,0,,,,,,
2026-05-09,norte,0.0004377777513582,0.0004377777513582,0.0004377777513582,-0.0004120634985156,-3.746031870832667e-05,0,,,,,,
2026-05-10,norte,-0.0004120634985156,0.0004377777513582,0.0004377777513582,-0.0004120634985156,9.999999747378752e-05,0,,,,,,
2026-05-11,norte,-0.0004120634985156,0.0004377777513582,0.0004377777513582,-0.0004120634985156,9.999999747378752e-05,0,,,,,,
2026-05-12,norte,-0.0004120634985156,-0.0004120634985156,0.0004377777513582,-0.0004120634985156,0.0,0,,,,,,
2026-05-13,norte,-0.0004120634985156,-0.0004120634985156,0.0004377777513582,-0.0004120634985156,0.0,0,,,,,,
2026-05-14,norte,-0.0004120634985156,-0.0004120634985156,0.0004377777513582,-3.746031870832667e-05,-0.0017444440163671,0,,,,,,
2026-05-15,norte,-3.746031870832667e-05,-0.0004120634985156,0.0004377777513582,-3.746031870832667e-05,0.001237777993083,0,,,,,,
2026-05-16,norte,-3.746031870832667e-05,-0.0004120634985156,-0.0004120634985156,-3.746031870832667e-05,0.001237777993083,0,,,,,,
2026-05-17,norte,-3.746031870832667e-05,-3.746031870832667e-05,-0.0004120634985156,9.999999747378752e-05,0.001237777993083,0,,,,,,
2026-05-18,norte,9.999999747378752e-05,-3.746031870832667e-05,-0.0004120634985156,9.999999747378752e-05,0.001237777993083,0,,,,,,
2026-05-19,norte,9.999999747378752e-05,-3.746031870832667e-05,-0.0004120634985156,0.0,0.001237777993083,0,,,,,,
2026-05-20,norte,0.0,9.999999747378752e-05,-0.0004120634985156,0.0,0.001237777993083,0,,,,,,
2026-05-21,norte,0.0,9.999999747378752e-05,-3.746031870832667e-05,-0.0017444440163671,0.001237777993083,0,,,,,,
2026-05-22,norte,-0.0017444440163671,0.0,-3.746031870832667e-05,0.001237777993083,0.001237777993083,0,,,,,,
2026-05-23,norte,0.001237777993083,0.0,-3.746031870832667e-05,0.001237777993083,0.001237777993083,0,,,,,,
2026-05-24,norte,0.001237777993083,-0.0017444440163671,9.999999747378752e-05,0.001237777993083,0.001237777993083,0,,,,,,
2026-05-25,norte,0.001237777993083,0.001237777993083,9.999999747378752e-05,0.001237777993083,0.001237777993083,0,,,,,,
2026-05-26,norte,0.001237777993083,0.001237777993083,0.0,0.001237777993083,0.001237777993083,0,,,,,,
2026-05-27,norte,0.001237777993083,0.001237777993083,0.0,0.001237777993083,0.001237777993083,0,,,,,,
2026-05-28,norte,0.001237777993083,0.001237777993083,-0.0017444440163671,0.001237777993083,0.001237777993083,0,,,,,,
2026-05-29,norte,0.001237777993083,0.001237777993083,0.001237777993083,0.001237777993083,0.001237777993083,0,,,,,,
2026-05-30,norte,0.001237777993083,0.001237777993083,0.001237777993083,0.001237777993083,0.001237777993083,0,,,,,,
2026-05-31,norte,0.001237777993083,0.001237777993083,0.001237777993083,0.001237777993083,0.001237777993083,0,,,,,,
2026-06-01,norte,0.001237777993083,0.001237777993083,0.001237777993083,0.001237777993083,-0.0005431746249087,0,,,,,,
2026-06-02,norte,0.001237777993083,0.001237777993083,0.001237777993083,0.001237777993083,-0.0005431746249087,0,,,,,,
2026-06-03,norte,0.001237777993083,0.001237777993083,0.001237777993083,0.001237777993083,-0.0005431746249087,0,,,,,,
2026-06-04,norte,0.001237777993083,0.001237777993083,0.001237777993083,0.001237777993083,-0.0005431746249087,0,,,,,,
2026-06-05,norte,0.001237777993083,0.001237777993083,0.001237777993083,0.001237777993083,-0.0005431746249087,0,,,,,,
2026-06-06,norte,0.001237777993083,0.001237777993083,0.001237777993083,0.001237777993083,0.0,0,,,,,,
2026-06-07,norte,0.001237777993083,0.001237777993083,0.001237777993083,0.001237777993083,0.0,0,,,,,,
2026-06-08,norte,0.001237777993083,0.001237777993083,0.001237777993083,-0.0005431746249087,0.0,0,,,,,,
2026-06-09,norte,-0.0005431746249087,0.001237777993083,0.001237777993083,-0.0005431746249087,0.0,0,,,,,,
2026-06-10,norte,-0.0005431746249087,0.001237777993083,0.001237777993083,-0.0005431746249087,0.0,0,,,,,,
2026-06-11,norte,-0.0005431746249087,-0.0005431746249087,0.001237777993083,-0.0005431746249087,0.0,0,,,,,,
2026-06-12,norte,-0.0005431746249087,-0.0005431746249087,0.001237777993083,-0.0005431746249087,0.0,0,,,,,,
2026-06-13,norte,-0.0005431746249087,-0.0005431746249087,0.001237777993083,0.0,0.0,0,,,,,,
2026-06-14,norte,0.0,-0.0005431746249087,0.001237777993083,0.0,0.0,0,,,,,,
2026-06-15,norte,0.0,-0.0005431746249087,-0.0005431746249087,0.0,0.0,0,,,,,,
2026-06-16,norte,0.0,0.0,-0.0005431746249087,0.0,0.0,0,,,,,,
2026-06-17,norte,0.0,0.0,-0.0005431746249087,0.0,0.0,0,,,,,,
2026-06-18,norte,0.0,0.0,-0.0005431746249087,0.0,0.0,0,,,,,,
2026-06-19,norte,0.0,0.0,-0.0005431746249087,0.0,0.0,0,,,,,,
2026-06-20,norte,0.0,0.0,0.0,0.0,0.0,0,,,,,,
2026-06-21,norte,0.0,0.0,0.0,0.0,0.0,0,,,,,,
2026-06-22,norte,0.0,0.0,0.0,0.0,0.0,0,,,,,,
2026-06-23,norte,0.0,0.0,0.0,0.0,0.0,0,,,,,,
2026-06-24,norte,0.0,0.0,0.0,0.0,0.0019885711371898,0,,,,,,
2026-06-25,norte,0.0,0.0,0.0,0.0,0.0019885711371898,0,,,,,,
2026-06-26,norte,0.0,0.0,0.0,0.0,-1.873015935416333e-05,0,,,,,,
2026-06-27,norte,0.0,0.0,0.0,0.0,-1.873015935416333e-05,0,,,,,,
2026-06-28,norte,0.0,0.0,0.0,0.0,-1.873015935416333e-05,0,,,,,,
2026-06-29,norte,0.0,0.0,0.0,0.0,-1.873015935416333e-05,0,,,,,,
2026-06-30,norte,0.0,0.0,0.0,0.0,-1.873015935416333e-05,0,,,,,,
2026-07-01,norte,0.0,0.0,0.0,0.0019885711371898,-1.873015935416333e-05,0,,,,,,
2026-07-02,norte,0.0019885711371898,0.0,0.0,0.0019885711371898,-1.873015935416333e-05,0,,,,,,
2026-07-03,norte,0.0019885711371898,0.0,0.0,-1.873015935416333e-05,-1.873015935416333e-05,0,,,,,,
2026-07-04,norte,-1.873015935416333e-05,0.0019885711371898,0.0,-1.873015935416333e-05,-9.365079313283786e-05,0,,,,,,
2026-07-05,norte,-1.873015935416333e-05,0.0019885711371898,0.0,-1.873015935416333e-05,-9.365079313283786e-05,0,,,,,,
2026-07-06,norte,-1.873015935416333e-05,-1.873015935416333e-05,0.0,-1.873015935416333e-05,-9.365079313283786e-05,0,,,,,,
2026-07-07,norte,-1.873015935416333e-05,-1.873015935416333e-05,0.0,-1.873015935416333e-05,-9.365079313283786e-05,0,,,,,,
2026-07-08,norte,-1.873015935416333e-05,-1.873015935416333e-05,0.0019885711371898,-1.873015935416333e-05,-9.365079313283786e-05,0,,,,,,
2026-07-09,norte,-1.873015935416333e-05,-1.873015935416333e-05,0.0019885711371898,-1.873015935416333e-05,-9.365079313283786e-05,0,,,,,,
2026-07-10,norte,-1.873015935416333e-05,-1.873015935416333e-05,-1.873015935416333e-05,-1.873015935416333e-05,-9.365079313283786e-05,0,,,,,,
2026-07-11,norte,-1.873015935416333e-05,-1.873015935416333e-05,-1.873015935416333e-05,-9.365079313283786e-05,-9.365079313283786e-05,0,,,,,,
2026-07-12,norte,-9.365079313283786e-05,-1.873015935416333e-05,-1.873015935416333e-05,-9.365079313283786e-05,-9.365079313283786e-05,0,,,,,,
2026-07-13,norte,-9.365079313283786e-05,-1.873015935416333e-05,-1.873015935416333e-05,-9.365079313283786e-05,-9.365079313283786e-05,0,,,,,,
2026-07-14,norte,-9.365079313283786e-05,-9.365079313283786e-05,-1.873015935416333e-05,-9.365079313283786e-05,-9.365079313283786e-05,0,,,,,,
2026-07-15,norte,-9.365079313283786e-05,-9.365079313283786e-05,-1.873015935416333e-05,-9.365079313283786e-05,-9.365079313283786e-05,0,,,,,,
2026-07-16,norte,-9.365079313283786e-05,-9.365079313283786e-05,-1.873015935416333e-05,-9.365079313283786e-05,-9.365079313283786e-05,0,,,,,,
2026-07-17,norte,-9.365079313283786e-05,-9.365079313283786e-05,-1.873015935416333e-05,-9.365079313283786e-05,-9.365079313283786e-05,0,,,,,,
2026-07-18,norte,-9.365079313283786e-05,-9.365079313283786e-05,-9.365079313283786e-05,-9.365079313283786e-05,-9.365079313283786e-05,0,,,,,,
2026-07-19,norte,-9.365079313283786e-05,-9.365079313283786e-05,-9.365079313283786e-05,-9.365079313283786e-05,-9.365079313283786e-05,0,,,,,,
2026-07-20,norte,-9.365079313283786e-05,-9.365079313283786e-05,-9.365079313283786e-05,-9.365079313283786e-05,-9.365079313283786e-05,0,,,,,,
2026-07-21,norte,-9.365079313283786e-05,-9.365079313283786e-05,-9.365079313283786e-05,-9.365079313283786e-05,-9.365079313283786e-05,0,,,,,,
2026-07-22,norte,-9.365079313283786e-05,-9.365079313283786e-05,-9.365079313283786e-05,-9.365079313283786e-05,-9.365079313283786e-05,0,,,,,,
2026-07-23,norte,-9.365079313283786e-05,-9.365079313283786e-05,-9.365079313283786e-05,-9.365079313283786e-05,-9.365079313283786e-05,0,,,,,,
2026-07-24,norte,-9.365079313283786e-05,-9.365079313283786e-05,-9.365079313283786e-05,-9.365079313283786e-05,-9.365079313283786e-05,0,,,,,,
2026-07-25,norte,-9.365079313283786e-05,-9.365079313283786e-05,-9.365079313283786e-05,-9.365079313283786e-05,-9.365079313283786e-05,0,,,,,,
2026-07-26,norte,-9.365079313283786e-05,-9.365079313283786e-05,-9.365079313283786e-05,-9.365079313283786e-05,-9.365079313283786e-05,0,,,,,,
2026-07-27,norte,-9.365079313283786e-05,-9.365079313283786e-05,-9.365079313283786e-05,-9.365079313283786e-05,-9.365079313283786e-05,0,,,,,,
2026-07-28,norte,-9.365079313283786e-05,-9.365079313283786e-05,-9.365079313283786e-05,-9.365079313283786e-05,-9.365079313283786e-05,0,,,,,,
2026-07-29,norte,-9.365079313283786e-05,-9.365079313283786e-05,-9.365079313283786e-05,-9.365079313283786e-05,-9.365079313283786e-05,0,,,,,,
2026-07-30,norte,-9.365079313283786e-05,-9.365079313283786e-05,-9.365079313283786e-05,-9.365079313283786e-05,-9.365079313283786e-05,0,,,,,,
2026-07-31,norte,-9.365079313283786e-05,-9.365079313283786e-05,-9.365079313283786e-05,-9.365079313283786e-05,-9.365079313283786e-05,0,,,,,,
2026-08-01,norte,-9.365079313283786e-05,-9.365079313283786e-05,-9.365079313283786e-05,-9.365079313283786e-05,-9.365079313283786e-05,0,,,,,,
2026-08-02,norte,-9.365079313283786e-05,-9.365079313283786e-05,-9.365079313283786e-05,-9.365079313283786e-05,-9.365079313283786e-05,0,,,,,,
2026-08-03,norte,-9.365079313283786e-05,-9.365079313283786e-05,-9.365079313283786e-05,-9.365079313283786e-05,-9.365079313283786e-05,0,,,,,,
2026-08-04,norte,-9.365079313283786e-05,-9.365079313283786e-05,-9.365079313283786e-05,-9.365079313283786e-05,-9.365079313283786e-05,0,,,,,,
2026-08-05,norte,-9.365079313283786e-05,-9.365079313283786e-05,-9.365079313283786e-05,-9.365079313283786e-05,0.0,0,,,,,,
2026-08-06,norte,-9.365079313283786e-05,-9.365079313283786e-05,-9.365079313283786e-05,-9.365079313283786e-05,0.0,0,,,,,,
2026-08-07,norte,-9.365079313283786e-05,-9.365079313283786e-05,-9.365079313283786e-05,-9.365079313283786e-05,0.0,0,,,,,,
2026-08-08,norte,-9.365079313283786e-05,-9.365079313283786e-05,-9.365079313283786e-05,-9.365079313283786e-05,0.0,0,,,,,,
2026-08-09,norte,-9.365079313283786e-05,-9.365079313283786e-05,-9.365079313283786e-05,-9.365079313283786e-05,0.0,0,,,,,,
2026-08-10,norte,-9.365079313283786e-05,-9.365079313283786e-05,-9.365079313283786e-05,-9.365079313283786e-05,-1.873015935416333e-05,0,,,,,,
2026-08-11,norte,-9.365079313283786e-05,-9.365079313283786e-05,-9.365079313283786e-05,-9.365079313283786e-05,-1.873015935416333e-05,0,,,,,,
2026-08-12,norte,-9.365079313283786e-05,-9.365079313283786e-05,-9.365079313283786e-05,0.0,-1.873015935416333e-05,0,,,,,,
2026-08-13,norte,0.0,-9.365079313283786e-05,-9.365079313283786e-05,0.0,-1.873015935416333e-05,0,,,,,,
2026-08-14,norte,0.0,-9.365079313283786e-05,-9.365079313283786e-05,0.0,-1.873015935416333e-05,0,,,,,,
2026-08-15,norte,0.0,0.0,-9.365079313283786e-05,0.0,0.0,0,,,,,,
2025-09-11,tolten,-9.968255471903832e-05,-9.968255471903832e-05,-0.0005057142698206,-9.968255471903832e-05,0.0018066666088998,0,,,,,,
2025-09-12,tolten,-9.968255471903832e-05,-9.968255471903832e-05,-0.0005057142698206,-9.968255471903832e-05,0.0018066666088998,0,,,,,,
2025-09-13,tolten,-9.968255471903832e-05,-9.968255471903832e-05,-9.968255471903832e-05,-9.968255471903832e-05,0.0018066666088998,0,,,,,,
2025-09-14,tolten,-9.968255471903832e-05,-9.968255471903832e-05,-9.968255471903832e-05,0.0018066666088998,0.0018066666088998,0,,,,,,
2025-09-15,tolten,0.0018066666088998,-9.968255471903832e-05,-9.968255471903832e-05,0.0018066666088998,0.0018066666088998,0,,,,,,
2025-09-16,tolten,0.0018066666088998,-9.968255471903832e-05,-9.968255471903832e-05,0.0018066666088998,0.0018066666088998,0,,,,,,
2025-09-17,tolten,0.0018066666088998,0.0018066666088998,-9.968255471903832e-05,0.0018066666088998,0.0018066666088998,0,,,,,,
2025-09-18,tolten,0.0018066666088998,0.0018066666088998,-9.968255471903832e-05,0.0018066666088998,0.0018066666088998,0,,,,,,
2025-09-19,tolten,0.0018066666088998,0.0018066666088998,-9.968255471903832e-05,0.0018066666088998,0.0018066666088998,0,,,,,,
2025-09-20,tolten,0.0018066666088998,0.0018066666088998,-9.968255471903832e-05,0.0018066666088998,0.0018066666088998,0,,,,,,
2025-09-21,tolten,0.0018066666088998,0.0018066666088998,0.0018066666088998,0.0018066666088998,0.0018066666088998,0,,,,,,
2025-09-22,tolten,0.0018066666088998,0.0018066666088998,0.0018066666088998,0.0018066666088998,0.0018066666088998,0,,,,,,
2025-09-23,tolten,0.0018066666088998,0.0018066666088998,0.0018066666088998,0.0018066666088998,0.0018066666088998,0,,,,,,
2025-09-24,tolten,0.0018066666088998,0.0018066666088998,0.0018066666088998,0.0018066666088998,0.0018066666088998,0,,,,,,
2025-09-25,tolten,0.0018066666088998,0.0018066666088998,0.0018066666088998,0.0018066666088998,0.0018066666088998,0,,,,,,
2025-09-26,tolten,0.0018066666088998,0.0018066666088998,0.0018066666088998,0.0018066666088998,0.0018066666088998,0,,,,,,
2025-09-27,tolten,0.0018066666088998,0.0018066666088998,0.0018066666088998,0.0018066666088998,0.0018066666088998,0,,,,,,
2025-09-28,tolten,0.0018066666088998,0.0018066666088998,0.0018066666088998,0.0018066666088998,0.0018066666088998,0,,,,,,
2025-09-29,tolten,0.0018066666088998,0.0018066666088998,0.0018066666088998,0.0018066666088998,0.0018066666088998,0,,,,,,
2025-09-30,tolten,0.0018066666088998,0.0018066666088998,0.0018066666088998,0.0018066666088998,0.0018066666088998,0,,,,,,
2025-10-01,tolten,0.0018066666088998,0.0018066666088998,0.0018066666088998,0.0018066666088998,0.0018066666088998,0,,,,,,
2025-10-02,tolten,0.0018066666088998,0.0018066666088998,0.0018066666088998,0.0018066666088998,0.0018066666088998,0,,,,,,
2025-10-03,tolten,0.0018066666088998,0.0018066666088998,0.0018066666088998,0.0018066666088998,0.0018066666088998,0,,,,,,
2025-10-04,tolten,0.0018066666088998,0.0018066666088998,0.0018066666088998,0.0018066666088998,0.0018066666088998,0,,,,,,
2025-10-05,tolten,0.0018066666088998,0.0018066666088998,0.0018066666088998,0.0018066666088998,0.0018066666088998,0,,,,,,
2025-10-06,tolten,0.0018066666088998,0.0018066666088998,0.0018066666088998,0.0018066666088998,0.0018066666088998,0,,,,,,
2025-10-07,tolten,0.0018066666088998,0.0018066666088998,0.0018066666088998,0.0018066666088998,0.0018066666088998,0,,,,,,
2025-10-08,tolten,0.0018066666088998,0.0018066666088998,0.0018066666088998,0.0018066666088998,0.0018066666088998,0,,,,,,
2025-10-09,tolten,0.0018066666088998,0.0018066666088998,0.0018066666088998,0.0018066666088998,-0.0024876191746443,0,,,,,,
2025-10-10,tolten,0.0018066666088998,0.0018066666088998,0.0018066666088998,0.0018066666088998,-0.0024876191746443,0,,,,,,
2025-10-11,tolten,0.0018066666088998,0.0018066666088998,0.0018066666088998,0.0018066666088998,-0.0024876191746443,0,,,,,,
2025-10-12,tolten,0.0018066666088998,0.0018066666088998,0.0018066666088998,0.0018066666088998,-0.0024876191746443,0,,,,,,
2025-10-13,tolten,0.0018066666088998,0.0018066666088998,0.0018066666088998,0.0018066666088998,-0.0024876191746443,0,,,,,,
2025-10-14,tolten,0.0018066666088998,0.0018066666088998,0.0018066666088998,0.0018066666088998,-0.0024876191746443,0,,,,,,
2025-10-15,tolten,0.0018066666088998,0.0018066666088998,0.0018066666088998,0.0018066666088998,-0.0024876191746443,0,,,,,,
2025-10-16,tolten,0.0018066666088998,0.0018066666088998,0.0018066666088998,-0.0024876191746443,-0.0024876191746443,0,,,,,,
2025-10-17,tolten,-0.0024876191746443,0.0018066666088998,0.0018066666088998,-0.0024876191746443,-0.0024876191746443,0,,,,,,
2025-10-18,tolten,-0.0024876191746443,0.0018066666088998,0.0018066666088998,-0.0024876191746443,-0.0024876191746443,0,,,,,,
2025-10-19,tolten,-0.0024876191746443,-0.0024876191746443,0.0018066666088998,-0.0024876191746443,-0.0024876191746443,0,,,,,,
2025-10-20,tolten,-0.0024876191746443,-0.0024876191746443,0.0018066666088998,-0.0024876191746443,-0.0024876191746443,0,,,,,,
2025-10-21,tolten,-0.0024876191746443,-0.0024876191746443,0.0018066666088998,-0.0024876191746443,-0.0024876191746443,0,,,,,,
2025-10-22,tolten,-0.0024876191746443,-0.0024876191746443,0.0018066666088998,-0.0024876191746443,-0.0024876191746443,0,,,,,,
2025-10-23,tolten,-0.0024876191746443,-0.0024876191746443,-0.0024876191746443,-0.0024876191746443,-0.0024876191746443,0,,,,,,
2025-10-24,tolten,-0.0024876191746443,-0.0024876191746443,-0.0024876191746443,-0.0024876191746443,-0.0024876191746443,0,,,,,,
2025-10-25,tolten,-0.0024876191746443,-0.0024876191746443,-0.0024876191746443,-0.0024876191746443,-0.0024876191746443,0,,,,,,
2025-10-26,tolten,-0.0024876191746443,-0.0024876191746443,-0.0024876191746443,-0.0024876191746443,-0.0024876191746443,0,,,,,,
2025-10-27,tolten,-0.0024876191746443,-0.0024876191746443,-0.0024876191746443,-0.0024876191746443,-0.0024876191746443,0,,,,,,
2025-10-28,tolten,-0.0024876191746443,-0.0024876191746443,-0.0024876191746443,-0.0024876191746443,-0.0024876191746443,0,,,,,,
2025-10-29,tolten,-0.0024876191746443,-0.0024876191746443,-0.0024876191746443,-0.0024876191746443,-0.0024876191746443,0,,,,,,
2025-10-30,tolten,-0.0024876191746443,-0.0024876191746443,-0.0024876191746443,-0.0024876191746443,-0.0024876191746443,0,,,,,,
2025-10-31,tolten,-0.0024876191746443,-0.0024876191746443,-0.0024876191746443,-0.0024876191746443,-0.0024876191746443,0,,,,,,
2025-11-01,tolten,-0.0024876191746443,-0.0024876191746443,-0.0024876191746443,-0.0024876191746443,-0.0024876191746443,0,,,,,,
2025-11-02,tolten,-0.0024876191746443,-0.0024876191746443,-0.0024876191746443,-0.0024876191746443,-0.0024876191746443,0,,,,,,
2025-11-03,tolten,-0.0024876191746443,-0.0024876191746443,-0.0024876191746443,-0.0024876191746443,-0.0024876191746443,0,,,,,,
2025-11-04,tolten,-0.0024876191746443,-0.0024876191746443,-0.0024876191746443,-0.0024876191746443,-0.0024876191746443,0,,,,,,
2025-11-05,tolten,-0.0024876191746443,-0.0024876191746443,-0.0024876191746443,-0.0024876191746443,-0.0008374603348784,0,,,,,,
2025-11-06,tolten,-0.0024876191746443,-0.0024876191746443,-0.0024876191746443,-0.0024876191746443,-0.0014933329075574,0,,,,,,
2025-11-07,tolten,-0.0024876191746443,-0.0024876191746443,-0.0024876191746443,-0.0024876191746443,-0.0014933329075574,0,,,,,,
2025-11-08,tolten,-0.0024876191746443,-0.0024876191746443,-0.0024876191746443,-0.0024876191746443,-0.0014933329075574,0,,,,,,
2025-11-09,tolten,-0.0024876191746443,-0.0024876191746443,-0.0024876191746443,-0.0024876191746443,-0.0014933329075574,0,,,,,,
2025-11-10,tolten,-0.0024876191746443,-0.0024876191746443,-0.0024876191746443,-0.0024876191746443,-0.0014933329075574,0,,,,,,
2025-11-11,tolten,-0.0024876191746443,-0.0024876191746443,-0.0024876191746443,-0.0024876191746443,-0.0014933329075574,0,,,,,,
2025-11-12,tolten,-0.0024876191746443,-0.0024876191746443,-0.0024876191746443,-0.0008374603348784,-0.0014933329075574,0,,,,,,
2025-11-13,tolten,-0.0008374603348784,-0.0024876191746443,-0.0024876191746443,-0.0014933329075574,-0.0014933329075574,0,,,,,,
2025-11-14,tolten,-0.0014933329075574,-0.0024876191746443,-0.0024876191746443,-0.0014933329075574,-0.0014933329075574,0,,,,,,
2025-11-15,tolten,-0.0014933329075574,-0.0008374603348784,-0.0024876191746443,-0.0014933329075574,-0.0014933329075574,0,,,,,,
2025-11-16,tolten,-0.0014933329075574,-0.0014933329075574,-0.0024876191746443,-0.0014933329075574,3.777793608605862e-05,0,,,,,,
2025-11-17,tolten,-0.0014933329075574,-0.0014933329075574,-0.0024876191746443,-0.0014933329075574,3.777793608605862e-05,0,,,,,,
2025-11-18,tolten,-0.0014933329075574,-0.0014933329075574,-0.0024876191746443,-0.0014933329075574,-0.0002622222236823,0,,,,,,
2025-11-19,tolten,-0.0014933329075574,-0.0014933329075574,-0.0008374603348784,-0.0014933329075574,-0.0002622222236823,0,,,,,,
2025-11-20,tolten,-0.0014933329075574,-0.0014933329075574,-0.0014933329075574,-0.0014933329075574,-0.0002622222236823,0,,,,,,
2025-11-21,tolten,-0.0014933329075574,-0.0014933329075574,-0.0014933329075574,-0.0014933329075574,-0.0002622222236823,0,,,,,,
2025-11-22,tolten,-0.0014933329075574,-0.0014933329075574,-0.0014933329075574,-0.0014933329075574,-0.0002622222236823,0,,,,,,
2025-11-23,tolten,-0.0014933329075574,-0.0014933329075574,-0.0014933329075574,3.777793608605862e-05,-0.0002622222236823,0,,,,,,
2025-11-24,tolten,3.777793608605862e-05,-0.0014933329075574,-0.0014933329075574,3.777793608605862e-05,-0.0002622222236823,0,,,,,,
2025-11-25,tolten,3.777793608605862e-05,-0.0014933329075574,-0.0014933329075574,-0.0002622222236823,-0.0002622222236823,0,,,,,,
2025-11-26,tolten,-0.0002622222236823,3.777793608605862e-05,-0.0014933329075574,-0.0002622222236823,-0.0002622222236823,0,,,,,,
2025-11-27,tolten,-0.0002622222236823,3.777793608605862e-05,-0.0014933329075574,-0.0002622222236823,-0.0002622222236823,0,,,,,,
2025-11-28,tolten,-0.0002622222236823,-0.0002622222236823,-0.0014933329075574,-0.0002622222236823,0.0004438096657395,0,,,,,,
2025-11-29,tolten,-0.0002622222236823,-0.0002622222236823,-0.0014933329075574,-0.0002622222236823,0.0004438096657395,0,,,,,,
2025-11-30,tolten,-0.0002622222236823,-0.0002622222236823,3.777793608605862e-05,-0.0002622222236823,0.0004438096657395,0,,,,,,
2025-12-01,tolten,-0.0002622222236823,-0.0002622222236823,3.777793608605862e-05,-0.0002622222236823,0.0004438096657395,0,,,,,,
2025-12-02,tolten,-0.0002622222236823,-0.0002622222236823,-0.0002622222236823,-0.0002622222236823,0.0004438096657395,0,,,,,,
2025-12-03,tolten,-0.0002622222236823,-0.0002622222236823,-0.0002622222236823,-0.0002622222236823,0.0004438096657395,0,,,,,,
2025-12-04,tolten,-0.0002622222236823,-0.0002622222236823,-0.0002622222236823,-0.0002622222236823,0.0004438096657395,0,,,,,,
2025-12-05,tolten,-0.0002622222236823,-0.0002622222236823,-0.0002622222236823,0.0004438096657395,0.0004438096657395,0,,,,,,
2025-12-06,tolten,0.0004438096657395,-0.0002622222236823,-0.0002622222236823,0.0004438096657395,0.0004438096657395,0,,,,,,
2025-12-07,tolten,0.0004438096657395,-0.0002622222236823,-0.0002622222236823,0.0004438096657395,0.0004438096657395,0,,,,,,
2025-12-08,tolten,0.0004438096657395,0.0004438096657395,-0.0002622222236823,0.0004438096657395,0.0004438096657395,0,,,,,,
2025-12-09,tolten,0.0004438096657395,0.0004438096657395,-0.0002622222236823,0.0004438096657395,0.0004438096657395,0,,,,,,
2025-12-10,tolten,0.0004438096657395,0.0004438096657395,-0.0002622222236823,0.0004438096657395,0.0004438096657395,0,,,,,,
2025-12-11,tolten,0.0004438096657395,0.0004438096657395,-0.0002622222236823,0.0004438096657395,-0.0009250794537365,0,,,,,,
2025-12-12,tolten,0.0004438096657395,0.0004438096657395,0.0004438096657395,0.0004438096657395,-0.0009250794537365,0,,,,,,
2025-12-13,tolten,0.0004438096657395,0.0004438096657395,0.0004438096657395,0.0004438096657395,-0.0009250794537365,0,,,,,,
2025-12-14,tolten,0.0004438096657395,0.0004438096657395,0.0004438096657395,0.0004438096657395,-0.0009250794537365,0,,,,,,
2025-12-15,tolten,0.0004438096657395,0.0004438096657395,0.0004438096657395,0.0004438096657395,-0.0009250794537365,0,,,,,,
2025-12-16,tolten,0.0004438096657395,0.0004438096657395,0.0004438096657395,0.0004438096657395,-0.0009250794537365,0,,,,,,
2025-12-17,tolten,0.0004438096657395,0.0004438096657395,0.0004438096657395,0.0004438096657395,-0.0009250794537365,0,,,,,,
2025-12-18,tolten,0.0004438096657395,0.0004438096657395,0.0004438096657395,-0.0009250794537365,-0.0022504776716232,0,,,,,,
2025-12-19,tolten,-0.0009250794537365,0.0004438096657395,0.0004438096657395,-0.0009250794537365,-0.0022504776716232,0,,,,,,
2025-12-20,tolten,-0.0009250794537365,0.0004438096657395,0.0004438096657395,-0.0009250794537365,-0.0022504776716232,0,,,,,,
2025-12-21,tolten,-0.0009250794537365,-0.0009250794537365,0.0004438096657395,-0.0009250794537365,-0.0026253946125507,0,,,,,,
2025-12-22,tolten,-0.0009250794537365,-0.0009250794537365,0.0004438096657395,-0.0009250794537365,-0.0026253946125507,0,,,,,,
2025-12-23,tolten,-0.0009250794537365,-0.0009250794537365,0.0004438096657395,-0.0009250794537365,-0.0010180952958762,0,,,,,,
2025-12-24,tolten,-0.0009250794537365,-0.0009250794537365,0.0004438096657395,-0.0009250794537365,-0.0010180952958762,0,,,,,,
2025-12-25,tolten,-0.0009250794537365,-0.0009250794537365,-0.0009250794537365,-0.0022504776716232,-0.0010180952958762,0,,,,,,
2025-12-26,tolten,-0.0022504776716232,-0.0009250794537365,-0.0009250794537365,-0.0022504776716232,-0.0002060309052467,0,,,,,,
2025-12-27,tolten,-0.0022504776716232,-0.0009250794537365,-0.0009250794537365,-0.0022504776716232,-0.0002060309052467,0,,,,,,
2025-12-28,tolten,-0.0022504776716232,-0.0022504776716232,-0.0009250794537365,-0.0026253946125507,-0.0013311114162206,0,,,,,,
2025-12-29,tolten,-0.0026253946125507,-0.0022504776716232,-0.0009250794537365,-0.0026253946125507,-0.0013311114162206,0,,,,,,
2025-12-30,tolten,-0.0026253946125507,-0.0022504776716232,-0.0009250794537365,-0.0010180952958762,-0.0013311114162206,0,,,,,,
2025-12-31,tolten,-0.0010180952958762,-0.0026253946125507,-0.0009250794537365,-0.0010180952958762,-0.00409428589046,0,,,,,,
2026-01-01,tolten,-0.0010180952958762,-0.0026253946125507,-0.0022504776716232,-0.0010180952958762,-0.00409428589046,0,,,,,,
2026-01-02,tolten,-0.0010180952958762,-0.0010180952958762,-0.0022504776716232,-0.0002060309052467,-0.0010803174227476,0,,,,,,
2026-01-03,tolten,-0.0002060309052467,-0.0010180952958762,-0.0022504776716232,-0.0002060309052467,-0.0010803174227476,0,,,,,,
2026-01-04,tolten,-0.0002060309052467,-0.0010180952958762,-0.0026253946125507,-0.0013311114162206,-0.0016873015556484,0,,,,,,
2026-01-05,tolten,-0.0013311114162206,-0.0002060309052467,-0.0026253946125507,-0.0013311114162206,-0.0016873015556484,0,,,,,,
2026-01-06,tolten,-0.0013311114162206,-0.0002060309052467,-0.0010180952958762,-0.0013311114162206,-0.0016873015556484,0,,,,,,
2026-01-07,tolten,-0.0013311114162206,-0.0013311114162206,-0.0010180952958762,-0.00409428589046,-0.0016873015556484,0,,,,,,
2026-01-08,tolten,-0.00409428589046,-0.0013311114162206,-0.0010180952958762,-0.00409428589046,-0.0016873015556484,0,,,,,,
2026-01-09,tolten,-0.00409428589046,-0.0013311114162206,-0.0002060309052467,-0.0010803174227476,-0.0016873015556484,0,,,,,,
2026-01-10,tolten,-0.0010803174227476,-0.00409428589046,-0.0002060309052467,-0.0010803174227476,-0.0028441287577152,0,,,,,,
2026-01-11,tolten,-0.0010803174227476,-0.00409428589046,-0.0013311114162206,-0.0016873015556484,-0.0028441287577152,0,,,,,,
2026-01-12,tolten,-0.0016873015556484,-0.0010803174227476,-0.0013311114162206,-0.0016873015556484,-0.0008933334611356,0,,,,,,
2026-01-13,tolten,-0.0016873015556484,-0.0010803174227476,-0.0013311114162206,-0.0016873015556484,-0.0008933334611356,0,,,,,,
2026-01-14,tolten,-0.0016873015556484,-0.0016873015556484,-0.00409428589046,-0.0016873015556484,-0.0008933334611356,0,,,,,,
2026-01-15,tolten,-0.0016873015556484,-0.0016873015556484,-0.00409428589046,-0.0016873015556484,-0.0002561900764703,0,,,,,,
2026-01-16,tolten,-0.0016873015556484,-0.0016873015556484,-0.0010803174227476,-0.0016873015556484,-0.0002561900764703,0,,,,,,
2026-01-17,tolten,-0.0016873015556484,-0.0016873015556484,-0.0010803174227476,-0.0028441287577152,-0.0002561900764703,0,,,,,,
2026-01-18,tolten,-0.0028441287577152,-0.0016873015556484,-0.0016873015556484,-0.0028441287577152,-0.0002561900764703,0,,,,,,
2026-01-19,tolten,-0.0028441287577152,-0.0016873015556484,-0.0016873015556484,-0.0008933334611356,-0.0002561900764703,0,,,,,,
2026-01-20,tolten,-0.0008933334611356,-0.0028441287577152,-0.0016873015556484,-0.0008933334611356,-0.0002561900764703,0,,,,,,
2026-01-21,tolten,-0.0008933334611356,-0.0028441287577152,-0.0016873015556484,-0.0008933334611356,-0.0002561900764703,0,,,,,,
2026-01-22,tolten,-0.0008933334611356,-0.0008933334611356,-0.0016873015556484,-0.0002561900764703,-0.0021869842894375,0,,,,,,
2026-01-23,tolten,-0.0002561900764703,-0.0008933334611356,-0.0016873015556484,-0.0002561900764703,-0.0021869842894375,0,,,,,,
2026-01-24,tolten,-0.0002561900764703,-0.0008933334611356,-0.0028441287577152,-0.0002561900764703,-0.0021869842894375,0,,,,,,
2026-01-25,tolten,-0.0002561900764703,-0.0002561900764703,-0.0028441287577152,-0.0002561900764703,-0.0014498413074761,0,,,,,,
2026-01-26,tolten,-0.0002561900764703,-0.0002561900764703,-0.0008933334611356,-0.0002561900764703,-0.0014498413074761,0,,,,,,
2026-01-27,tolten,-0.0002561900764703,-0.0002561900764703,-0.0008933334611356,-0.0002561900764703,-0.0014498413074761,0,,,,,,
2026-01-28,tolten,-0.0002561900764703,-0.0002561900764703,-0.0008933334611356,-0.0002561900764703,-0.0014498413074761,0,,,,,,
2026-01-29,tolten,-0.0002561900764703,-0.0002561900764703,-0.0002561900764703,-0.0021869842894375,-0.0014498413074761,0,,,,,,
2026-01-30,tolten,-0.0021869842894375,-0.0002561900764703,-0.0002561900764703,-0.0021869842894375,-0.0019126983825117,0,,,,,,
2026-01-31,tolten,-0.0021869842894375,-0.0002561900764703,-0.0002561900764703,-0.0021869842894375,-0.0019126983825117,0,,,,,,
2026-02-01,tolten,-0.0021869842894375,-0.0021869842894375,-0.0002561900764703,-0.0014498413074761,-0.0019126983825117,0,,,,,,
2026-02-02,tolten,-0.0014498413074761,-0.0021869842894375,-0.0002561900764703,-0.0014498413074761,-0.0019126983825117,0,,,,,,
2026-02-03,tolten,-0.0014498413074761,-0.0021869842894375,-0.0002561900764703,-0.0014498413074761,-0.0019126983825117,0,,,,,,
2026-02-04,tolten,-0.0014498413074761,-0.0014498413074761,-0.0002561900764703,-0.0014498413074761,-0.0019126983825117,0,,,,,,
2026-02-05,tolten,-0.0014498413074761,-0.0014498413074761,-0.0021869842894375,-0.0014498413074761,-0.0019126983825117,0,,,,,,
2026-02-06,tolten,-0.0014498413074761,-0.0014498413074761,-0.0021869842894375,-0.0019126983825117,-0.0011438095243647,0,,,,,,
2026-02-07,tolten,-0.0019126983825117,-0.0014498413074761,-0.0021869842894375,-0.0019126983825117,-0.0011438095243647,0,,,,,,
2026-02-08,tolten,-0.0019126983825117,-0.0014498413074761,-0.0014498413074761,-0.0019126983825117,-0.0011438095243647,0,,,,,,
2026-02-09,tolten,-0.0019126983825117,-0.0019126983825117,-0.0014498413074761,-0.0019126983825117,-0.0007374603301286,0,,,,,,
2026-02-10,tolten,-0.0019126983825117,-0.0019126983825117,-0.0014498413074761,-0.0019126983825117,-0.0007374603301286,0,,,,,,
2026-02-11,tolten,-0.0019126983825117,-0.0019126983825117,-0.0014498413074761,-0.0019126983825117,-0.0007374603301286,0,,,,,,
2026-02-12,tolten,-0.0019126983825117,-0.0019126983825117,-0.0014498413074761,-0.0019126983825117,-0.0007374603301286,0,,,,,,
2026-02-13,tolten,-0.0019126983825117,-0.0019126983825117,-0.0019126983825117,-0.0011438095243647,-0.0007374603301286,0,,,,,,
2026-02-14,tolten,-0.0011438095243647,-0.0019126983825117,-0.0019126983825117,-0.0011438095243647,-0.0004184124991297,0,,,,,,
2026-02-15,tolten,-0.0011438095243647,-0.0019126983825117,-0.0019126983825117,-0.0011438095243647,-0.0004184124991297,0,,,,,,
2026-02-16,tolten,-0.0011438095243647,-0.0011438095243647,-0.0019126983825117,-0.0007374603301286,-0.0004184124991297,0,,,,,,
2026-02-17,tolten,-0.0007374603301286,-0.0011438095243647,-0.0019126983825117,-0.0007374603301286,-0.0004184124991297,0,,,,,,
2026-02-18,tolten,-0.0007374603301286,-0.0011438095243647,-0.0019126983825117,-0.0007374603301286,-0.0004184124991297,0,,,,,,
2026-02-19,tolten,-0.0007374603301286,-0.0007374603301286,-0.0019126983825117,-0.0007374603301286,-0.0023936508223414,0,,,,,,
2026-02-20,tolten,-0.0007374603301286,-0.0007374603301286,-0.0011438095243647,-0.0007374603301286,-0.0023936508223414,0,,,,,,
2026-02-21,tolten,-0.0007374603301286,-0.0007374603301286,-0.0011438095243647,-0.0004184124991297,-0.0023936508223414,0,,,,,,
2026-02-22,tolten,-0.0004184124991297,-0.0007374603301286,-0.0011438095243647,-0.0004184124991297,-0.0023936508223414,0,,,,,,
2026-02-23,tolten,-0.0004184124991297,-0.0007374603301286,-0.0007374603301286,-0.0004184124991297,-0.0023936508223414,0,,,,,,
2026-02-24,tolten,-0.0004184124991297,-0.0004184124991297,-0.0007374603301286,-0.0004184124991297,-0.0023936508223414,0,,,,,,
2026-02-25,tolten,-0.0004184124991297,-0.0004184124991297,-0.0007374603301286,-0.0004184124991297,-0.0023936508223414,0,,,,,,
2026-02-26,tolten,-0.0004184124991297,-0.0004184124991297,-0.0007374603301286,-0.0023936508223414,-0.0008873015176504,0,,,,,,
2026-02-27,tolten,-0.0023936508223414,-0.0004184124991297,-0.0007374603301286,-0.0023936508223414,-0.0008873015176504,0,,,,,,
2026-02-28,tolten,-0.0023936508223414,-0.0004184124991297,-0.0004184124991297,-0.0023936508223414,-0.0008873015176504,0,,,,,,
2026-03-01,tolten,-0.0023936508223414,-0.0023936508223414,-0.0004184124991297,-0.0023936508223414,-0.0002625398337841,0,,,,,,
2026-03-02,tolten,-0.0023936508223414,-0.0023936508223414,-0.0004184124991297,-0.0023936508223414,-0.0002625398337841,0,,,,,,
2026-03-03,tolten,-0.0023936508223414,-0.0023936508223414,-0.0004184124991297,-0.0023936508223414,-0.0002561905421316,0,,,,,,
2026-03-04,tolten,-0.0023936508223414,-0.0023936508223414,-0.0004184124991297,-0.0023936508223414,-0.0002561905421316,0,,,,,,
2026-03-05,tolten,-0.0023936508223414,-0.0023936508223414,-0.0023936508223414,-0.0008873015176504,-0.0002561905421316,0,,,,,,
2026-03-06,tolten,-0.0008873015176504,-0.0023936508223414,-0.0023936508223414,-0.0008873015176504,-0.0118457153439521,0,,,,,,
2026-03-07,tolten,-0.0008873015176504,-0.0023936508223414,-0.0023936508223414,-0.0008873015176504,-0.0118457153439521,0,,,,,,
2026-03-08,tolten,-0.0008873015176504,-0.0008873015176504,-0.0023936508223414,-0.0002625398337841,-0.0118457153439521,0,,,,,,
2026-03-09,tolten,-0.0002625398337841,-0.0008873015176504,-0.0023936508223414,-0.0002625398337841,-0.0118457153439521,0,,,,,,
2026-03-10,tolten,-0.0002625398337841,-0.0008873015176504,-0.0023936508223414,-0.0002561905421316,-0.0118457153439521,0,,,,,,
2026-03-11,tolten,-0.0002561905421316,-0.0002625398337841,-0.0023936508223414,-0.0002561905421316,-0.0118457153439521,0,,,,,,
2026-03-12,tolten,-0.0002561905421316,-0.0002625398337841,-0.0008873015176504,-0.0002561905421316,-0.0118457153439521,0,,,,,,
2026-03-13,tolten,-0.0002561905421316,-0.0002561905421316,-0.0008873015176504,-0.0118457153439521,-0.0118457153439521,0,,,,,,
2026-03-14,tolten,-0.0118457153439521,-0.0002561905421316,-0.0008873015176504,-0.0118457153439521,-0.0118457153439521,0,,,,,,
2026-03-15,tolten,-0.0118457153439521,-0.0002561905421316,-0.0002625398337841,-0.0118457153439521,-0.0118457153439521,0,,,,,,
2026-03-16,tolten,-0.0118457153439521,-0.0118457153439521,-0.0002625398337841,-0.0118457153439521,-0.0118457153439521,0,,,,,,
2026-03-17,tolten,-0.0118457153439521,-0.0118457153439521,-0.0002561905421316,-0.0118457153439521,-0.0118457153439521,0,,,,,,
2026-03-18,tolten,-0.0118457153439521,-0.0118457153439521,-0.0002561905421316,-0.0118457153439521,0.0001501586521044,0,,,,,,
2026-03-19,tolten,-0.0118457153439521,-0.0118457153439521,-0.0002561905421316,-0.0118457153439521,0.0001501586521044,0,,,,,,
2026-03-20,tolten,-0.0118457153439521,-0.0118457153439521,-0.0118457153439521,-0.0118457153439521,0.0001501586521044,0,,,,,,
2026-03-21,tolten,-0.0118457153439521,-0.0118457153439521,-0.0118457153439521,-0.0118457153439521,-0.0041114278137683,0,,,,,,
2026-03-22,tolten,-0.0118457153439521,-0.0118457153439521,-0.0118457153439521,-0.0118457153439521,-0.0041114278137683,0,,,,,,
2026-03-23,tolten,-0.0118457153439521,-0.0118457153439521,-0.0118457153439521,-0.0118457153439521,-0.0024501585867255,0,,,,,,
2026-03-24,tolten,-0.0118457153439521,-0.0118457153439521,-0.0118457153439521,-0.0118457153439521,-0.0024501585867255,0,,,,,,
2026-03-25,tolten,-0.0118457153439521,-0.0118457153439521,-0.0118457153439521,0.0001501586521044,-0.0024501585867255,0,,,,,,
2026-03-26,tolten,0.0001501586521044,-0.0118457153439521,-0.0118457153439521,0.0001501586521044,-0.0007247618632391,0,,,,,,
2026-03-27,tolten,0.0001501586521044,-0.0118457153439521,-0.0118457153439521,0.0001501586521044,-0.0007247618632391,0,,,,,,
2026-03-28,tolten,0.0001501586521044,0.0001501586521044,-0.0118457153439521,-0.0041114278137683,-0.0001123809561249,0,,,,,,
2026-03-29,tolten,-0.0041114278137683,0.0001501586521044,-0.0118457153439521,-0.0041114278137683,-0.0001123809561249,0,,,,,,
2026-03-30,tolten,-0.0041114278137683,0.0001501586521044,-0.0118457153439521,-0.0024501585867255,-0.0001123809561249,0,,,,,,
2026-03-31,tolten,-0.0024501585867255,-0.0041114278137683,-0.0118457153439521,-0.0024501585867255,-0.0001123809561249,0,,,,,,
2026-04-01,tolten,-0.0024501585867255,-0.0041114278137683,0.0001501586521044,-0.0024501585867255,-0.0001123809561249,0,,,,,,
2026-04-02,tolten,-0.0024501585867255,-0.0024501585867255,0.0001501586521044,-0.0007247618632391,-0.0010244444711133,0,,,,,,
2026-04-03,tolten,-0.0007247618632391,-0.0024501585867255,0.0001501586521044,-0.0007247618632391,-0.0010244444711133,0,,,,,,
2026-04-04,tolten,-0.0007247618632391,-0.0024501585867255,-0.0041114278137683,-0.0001123809561249,-0.0010244444711133,0,,,,,,
2026-04-05,tolten,-0.0001123809561249,-0.0007247618632391,-0.0041114278137683,-0.0001123809561249,-0.0010244444711133,0,,,,,,
2026-04-06,tolten,-0.0001123809561249,-0.0007247618632391,-0.0024501585867255,-0.0001123809561249,-0.0010244444711133,0,,,,,,
2026-04-07,tolten,-0.0001123809561249,-0.0001123809561249,-0.0024501585867255,-0.0001123809561249,-0.0010244444711133,0,,,,,,
2026-04-08,tolten,-0.0001123809561249,-0.0001123809561249,-0.0024501585867255,-0.0001123809561249,-0.0010244444711133,0,,,,,,
2026-04-09,tolten,-0.0001123809561249,-0.0001123809561249,-0.0007247618632391,-0.0010244444711133,-0.0010244444711133,0,,,,,,
2026-04-10,tolten,-0.0010244444711133,-0.0001123809561249,-0.0007247618632391,-0.0010244444711133,-0.0010244444711133,0,,,,,,
2026-04-11,tolten,-0.0010244444711133,-0.0001123809561249,-0.0001123809561249,-0.0010244444711133,-0.0010244444711133,0,,,,,,
2026-04-12,tolten,-0.0010244444711133,-0.0010244444711133,-0.0001123809561249,-0.0010244444711133,-0.0013551324373111,0,,,,,,
2026-04-13,tolten,-0.0010244444711133,-0.0010244444711133,-0.0001123809561249,-0.0010244444711133,-0.0013551324373111,0,,,,,,
2026-04-14,tolten,-0.0010244444711133,-0.0010244444711133,-0.0001123809561249,-0.0010244444711133,-0.0013551324373111,0,,,,,,
2026-04-15,tolten,-0.0010244444711133,-0.0010244444711133,-0.0001123809561249,-0.0010244444711133,-0.0013551324373111,0,,,,,,
2026-04-16,tolten,-0.0010244444711133,-0.0010244444711133,-0.0010244444711133,-0.0010244444711133,-0.0013551324373111,0,,,,,,
2026-04-17,tolten,-0.0010244444711133,-0.0010244444711133,-0.0010244444711133,-0.0010244444711133,-0.0013551324373111,0,,,,,,
2026-04-18,tolten,-0.0010244444711133,-0.0010244444711133,-0.0010244444711133,-0.0010244444711133,-0.0013551324373111,0,,,,,,
2026-04-19,tolten,-0.0010244444711133,-0.0010244444711133,-0.0010244444711133,-0.0013551324373111,-0.0013551324373111,0,,,,,,
2026-04-20,tolten,-0.0013551324373111,-0.0010244444711133,-0.0010244444711133,-0.0013551324373111,-0.0013551324373111,0,,,,,,
2026-04-21,tolten,-0.0013551324373111,-0.0010244444711133,-0.0010244444711133,-0.0013551324373111,-0.0013551324373111,0,,,,,,
2026-04-22,tolten,-0.0013551324373111,-0.0013551324373111,-0.0010244444711133,-0.0013551324373111,-0.0013551324373111,0,,,,,,
2026-04-23,tolten,-0.0013551324373111,-0.0013551324373111,-0.0010244444711133,-0.0013551324373111,-0.0013551324373111,0,,,,,,
2026-04-24,tolten,-0.0013551324373111,-0.0013551324373111,-0.0010244444711133,-0.0013551324373111,-0.0013551324373111,0,,,,,,
2026-04-25,tolten,-0.0013551324373111,-0.0013551324373111,-0.0010244444711133,-0.0013551324373111,-0.0013551324373111,0,,,,,,
2026-04-26,tolten,-0.0013551324373111,-0.0013551324373111,-0.0013551324373111,-0.0013551324373111,-0.0013551324373111,0,,,,,,
2026-04-27,tolten,-0.0013551324373111,-0.0013551324373111,-0.0013551324373111,-0.0013551324373111,-0.0013551324373111,0,,,,,,
2026-04-28,tolten,-0.0013551324373111,-0.0013551324373111,-0.0013551324373111,-0.0013551324373111,-0.0013551324373111,0,,,,,,
2026-04-29,tolten,-0.0013551324373111,-0.0013551324373111,-0.0013551324373111,-0.0013551324373111,-0.0013551324373111,0,,,,,,
2026-04-30,tolten,-0.0013551324373111,-0.0013551324373111,-0.0013551324373111,-0.0013551324373111,-0.0013551324373111,0,,,,,,
2026-05-01,tolten,-0.0013551324373111,-0.0013551324373111,-0.0013551324373111,-0.0013551324373111,-0.0013551324373111,0,,,,,,
2026-05-02,tolten,-0.0013551324373111,-0.0013551324373111,-0.0013551324373111,-0.0013551324373111,-5.619047806249e-05,0,,,,,,
2026-05-03,tolten,-0.0013551324373111,-0.0013551324373111,-0.0013551324373111,-0.0013551324373111,-5.619047806249e-05,0,,,,,,
2026-05-04,tolten,-0.0013551324373111,-0.0013551324373111,-0.0013551324373111,-0.0013551324373111,-5.619047806249e-05,0,,,,,,
2026-05-05,tolten,-0.0013551324373111,-0.0013551324373111,-0.0013551324373111,-0.0013551324373111,-5.619047806249e-05,0,,,,,,
2026-05-06,tolten,-0.0013551324373111,-0.0013551324373111,-0.0013551324373111,-0.0013551324373111,-5.619047806249e-05,0,,,,,,
2026-05-07,tolten,-0.0013551324373111,-0.0013551324373111,-0.0013551324373111,-0.0013551324373111,-0.0011126983445137,0,,,,,,
2026-05-08,tolten,-0.0013551324373111,-0.0013551324373111,-0.0013551324373111,-0.0013551324373111,-0.0011126983445137,0,,,,,,
2026-05-09,tolten,-0.0013551324373111,-0.0013551324373111,-0.0013551324373111,-5.619047806249e-05,-0.0011126983445137,0,,,,,,
2026-05-10,tolten,-5.619047806249e-05,-0.0013551324373111,-0.0013551324373111,-5.619047806249e-05,-0.0001311111118411,0,,,,,,
2026-05-11,tolten,-5.619047806249e-05,-0.0013551324373111,-0.0013551324373111,-5.619047806249e-05,-0.0001311111118411,0,,,,,,
2026-05-12,tolten,-5.619047806249e-05,-5.619047806249e-05,-0.0013551324373111,-5.619047806249e-05,-0.0003933333209715,0,,,,,,
2026-05-13,tolten,-5.619047806249e-05,-5.619047806249e-05,-0.0013551324373111,-5.619047806249e-05,-0.0003933333209715,0,,,,,,
2026-05-14,tolten,-5.619047806249e-05,-5.619047806249e-05,-0.0013551324373111,-0.0011126983445137,-0.0012384126894176,0,,,,,,
2026-05-15,tolten,-0.0011126983445137,-5.619047806249e-05,-0.0013551324373111,-0.0011126983445137,-0.0030438096728175,0,,,,,,
2026-05-16,tolten,-0.0011126983445137,-5.619047806249e-05,-5.619047806249e-05,-0.0011126983445137,-0.0030438096728175,0,,,,,,
2026-05-17,tolten,-0.0011126983445137,-0.0011126983445137,-5.619047806249e-05,-0.0001311111118411,-0.0030438096728175,0,,,,,,
2026-05-18,tolten,-0.0001311111118411,-0.0011126983445137,-5.619047806249e-05,-0.0001311111118411,-0.0030438096728175,0,,,,,,
2026-05-19,tolten,-0.0001311111118411,-0.0011126983445137,-5.619047806249e-05,-0.0003933333209715,-0.0030438096728175,0,,,,,,
2026-05-20,tolten,-0.0003933333209715,-0.0001311111118411,-5.619047806249e-05,-0.0003933333209715,-0.0030438096728175,0,,,,,,
2026-05-21,tolten,-0.0003933333209715,-0.0001311111118411,-0.0011126983445137,-0.0012384126894176,-0.0030438096728175,0,,,,,,
2026-05-22,tolten,-0.0012384126894176,-0.0003933333209715,-0.0011126983445137,-0.0030438096728175,-0.0030438096728175,0,,,,,,
2026-05-23,tolten,-0.0030438096728175,-0.0003933333209715,-0.0011126983445137,-0.0030438096728175,-0.0030438096728175,0,,,,,,
2026-05-24,tolten,-0.0030438096728175,-0.0012384126894176,-0.0001311111118411,-0.0030438096728175,-0.0030438096728175,0,,,,,,
2026-05-25,tolten,-0.0030438096728175,-0.0030438096728175,-0.0001311111118411,-0.0030438096728175,-0.0030438096728175,0,,,,,,
2026-05-26,tolten,-0.0030438096728175,-0.0030438096728175,-0.0003933333209715,-0.0030438096728175,-0.0030438096728175,0,,,,,,
2026-05-27,tolten,-0.0030438096728175,-0.0030438096728175,-0.0003933333209715,-0.0030438096728175,-0.0030438096728175,0,,,,,,
2026-05-28,tolten,-0.0030438096728175,-0.0030438096728175,-0.0012384126894176,-0.0030438096728175,-0.0030438096728175,0,,,,,,
2026-05-29,tolten,-0.0030438096728175,-0.0030438096728175,-0.0030438096728175,-0.0030438096728175,-0.0030438096728175,0,,,,,,
2026-05-30,tolten,-0.0030438096728175,-0.0030438096728175,-0.0030438096728175,-0.0030438096728175,-0.0030438096728175,0,,,,,,
2026-05-31,tolten,-0.0030438096728175,-0.0030438096728175,-0.0030438096728175,-0.0030438096728175,-0.0030438096728175,0,,,,,,
2026-06-01,tolten,-0.0030438096728175,-0.0030438096728175,-0.0030438096728175,-0.0030438096728175,-0.0004869841504842,0,,,,,,
2026-06-02,tolten,-0.0030438096728175,-0.0030438096728175,-0.0030438096728175,-0.0030438096728175,-0.0004869841504842,0,,,,,,
2026-06-03,tolten,-0.0030438096728175,-0.0030438096728175,-0.0030438096728175,-0.0030438096728175,-0.0004869841504842,0,,,,,,
2026-06-04,tolten,-0.0030438096728175,-0.0030438096728175,-0.0030438096728175,-0.0030438096728175,-0.0004869841504842,0,,,,,,
2026-06-05,tolten,-0.0030438096728175,-0.0030438096728175,-0.0030438096728175,-0.0030438096728175,-0.0004869841504842,0,,,,,,
2026-06-06,tolten,-0.0030438096728175,-0.0030438096728175,-0.0030438096728175,-0.0030438096728175,0.0,0,,,,,,
2026-06-07,tolten,-0.0030438096728175,-0.0030438096728175,-0.0030438096728175,-0.0030438096728175,0.0,0,,,,,,
2026-06-08,tolten,-0.0030438096728175,-0.0030438096728175,-0.0030438096728175,-0.0004869841504842,0.0,0,,,,,,
2026-06-09,tolten,-0.0004869841504842,-0.0030438096728175,-0.0030438096728175,-0.0004869841504842,0.0,0,,,,,,
2026-06-10,tolten,-0.0004869841504842,-0.0030438096728175,-0.0030438096728175,-0.0004869841504842,0.0,0,,,,,,
2026-06-11,tolten,-0.0004869841504842,-0.0004869841504842,-0.0030438096728175,-0.0004869841504842,0.0,0,,,,,,
2026-06-12,tolten,-0.0004869841504842,-0.0004869841504842,-0.0030438096728175,-0.0004869841504842,0.0,0,,,,,,
2026-06-13,tolten,-0.0004869841504842,-0.0004869841504842,-0.0030438096728175,0.0,0.0,0,,,,,,
2026-06-14,tolten,0.0,-0.0004869841504842,-0.0030438096728175,0.0,0.0,0,,,,,,
2026-06-15,tolten,0.0,-0.0004869841504842,-0.0004869841504842,0.0,0.0,0,,,,,,
2026-06-16,tolten,0.0,0.0,-0.0004869841504842,0.0,0.0,0,,,,,,
2026-06-17,tolten,0.0,0.0,-0.0004869841504842,0.0,0.0,0,,,,,,
2026-06-18,tolten,0.0,0.0,-0.0004869841504842,0.0,0.0,0,,,,,,
2026-06-19,tolten,0.0,0.0,-0.0004869841504842,0.0,0.0,0,,,,,,
2026-06-20,tolten,0.0,0.0,0.0,0.0,0.0,0,,,,,,
2026-06-21,tolten,0.0,0.0,0.0,0.0,0.0,0,,,,,,
2026-06-22,tolten,0.0,0.0,0.0,0.0,0.0,0,,,,,,
2026-06-23,tolten,0.0,0.0,0.0,0.0,0.0,0,,,,,,
2026-06-24,tolten,0.0,0.0,0.0,0.0,-0.0099952379241585,0,,,,,,
2026-06-25,tolten,0.0,0.0,0.0,0.0,-0.0099952379241585,0,,,,,,
2026-06-26,tolten,0.0,0.0,0.0,0.0,0.0,0,,,,,,
2026-06-27,tolten,0.0,0.0,0.0,0.0,0.0,0,,,,,,
2026-06-28,tolten,0.0,0.0,0.0,0.0,0.0,0,,,,,,
2026-06-29,tolten,0.0,0.0,0.0,0.0,0.0,0,,,,,,
2026-06-30,tolten,0.0,0.0,0.0,0.0,0.0,0,,,,,,
2026-07-01,tolten,0.0,0.0,0.0,-0.0099952379241585,0.0,0,,,,,,
2026-07-02,tolten,-0.0099952379241585,0.0,0.0,-0.0099952379241585,0.0,0,,,,,,
2026-07-03,tolten,-0.0099952379241585,0.0,0.0,0.0,0.0,0,,,,,,
2026-07-04,tolten,0.0,-0.0099952379241585,0.0,0.0,-0.0003933333209715,0,,,,,,
2026-07-05,tolten,0.0,-0.0099952379241585,0.0,0.0,-0.0003933333209715,0,,,,,,
2026-07-06,tolten,0.0,0.0,0.0,0.0,-0.0003933333209715,0,,,,,,
2026-07-07,tolten,0.0,0.0,0.0,0.0,-0.0003933333209715,0,,,,,,
2026-07-08,tolten,0.0,0.0,-0.0099952379241585,0.0,-0.0003933333209715,0,,,,,,
2026-07-09,tolten,0.0,0.0,-0.0099952379241585,0.0,-0.0003933333209715,0,,,,,,
2026-07-10,tolten,0.0,0.0,0.0,0.0,-0.0003933333209715,0,,,,,,
2026-07-11,tolten,0.0,0.0,0.0,-0.0003933333209715,-0.0003933333209715,0,,,,,,
2026-07-12,tolten,-0.0003933333209715,0.0,0.0,-0.0003933333209715,-0.0003933333209715,0,,,,,,
2026-07-13,tolten,-0.0003933333209715,0.0,0.0,-0.0003933333209715,-0.0003933333209715,0,,,,,,
2026-07-14,tolten,-0.0003933333209715,-0.0003933333209715,0.0,-0.0003933333209715,-0.0003933333209715,0,,,,,,
2026-07-15,tolten,-0.0003933333209715,-0.0003933333209715,0.0,-0.0003933333209715,-0.0003933333209715,0,,,,,,
2026-07-16,tolten,-0.0003933333209715,-0.0003933333209715,0.0,-0.0003933333209715,-0.0003933333209715,0,,,,,,
2026-07-17,tolten,-0.0003933333209715,-0.0003933333209715,0.0,-0.0003933333209715,-0.0003933333209715,0,,,,,,
2026-07-18,tolten,-0.0003933333209715,-0.0003933333209715,-0.0003933333209715,-0.0003933333209715,-0.0003933333209715,0,,,,,,
2026-07-19,tolten,-0.0003933333209715,-0.0003933333209715,-0.0003933333209715,-0.0003933333209715,-0.0003933333209715,0,,,,,,
2026-07-20,tolten,-0.0003933333209715,-0.0003933333209715,-0.0003933333209715,-0.0003933333209715,-0.0003933333209715,0,,,,,,
2026-07-21,tolten,-0.0003933333209715,-0.0003933333209715,-0.0003933333209715,-0.0003933333209715,-0.0003933333209715,0,,,,,,
2026-07-22,tolten,-0.0003933333209715,-0.0003933333209715,-0.0003933333209715,-0.0003933333209715,-0.0003933333209715,0,,,,,,
2026-07-23,tolten,-0.0003933333209715,-0.0003933333209715,-0.0003933333209715,-0.0003933333209715,-0.0003933333209715,0,,,,,,
2026-07-24,tolten,-0.0003933333209715,-0.0003933333209715,-0.0003933333209715,-0.0003933333209715,-0.0003933333209715,0,,,,,,
2026-07-25,tolten,-0.0003933333209715,-0.0003933333209715,-0.0003933333209715,-0.0003933333209715,-0.0003933333209715,0,,,,,,
2026-07-26,tolten,-0.0003933333209715,-0.0003933333209715,-0.0003933333209715,-0.0003933333209715,-0.0003933333209715,0,,,,,,
2026-07-27,tolten,-0.0003933333209715,-0.0003933333209715,-0.0003933333209715,-0.0003933333209715,-0.0003933333209715,0,,,,,,
2026-07-28,tolten,-0.0003933333209715,-0.0003933333209715,-0.0003933333209715,-0.0003933333209715,-0.0003933333209715,0,,,,,,
2026-07-29,tolten,-0.0003933333209715,-0.0003933333209715,-0.0003933333209715,-0.0003933333209715,-0.0003933333209715,0,,,,,,
2026-07-30,tolten,-0.0003933333209715,-0.0003933333209715,-0.0003933333209715,-0.0003933333209715,-0.0003933333209715,0,,,,,,
2026-07-31,tolten,-0.0003933333209715,-0.0003933333209715,-0.0003933333209715,-0.0003933333209715,-0.0003933333209715,0,,,,,,
2026-08-01,tolten,-0.0003933333209715,-0.0003933333209715,-0.0003933333209715,-0.0003933333209715,-0.0003933333209715,0,,,,,,
2026-08-02,tolten,-0.0003933333209715,-0.0003933333209715,-0.0003933333209715,-0.0003933333209715,-0.0003933333209715,0,,,,,,
2026-08-03,tolten,-0.0003933333209715,-0.0003933333209715,-0.0003933333209715,-0.0003933333209715,-0.0003933333209715,0,,,,,,
2026-08-04,tolten,-0.0003933333209715,-0.0003933333209715,-0.0003933333209715,-0.0003933333209715,-0.0003933333209715,0,,,,,,
2026-08-05,tolten,-0.0003933333209715,-0.0003933333209715,-0.0003933333209715,-0.0003933333209715,-9.365079313283786e-05,0,,,,,,
2026-08-06,tolten,-0.0003933333209715,-0.0003933333209715,-0.0003933333209715,-0.0003933333209715,-9.365079313283786e-05,0,,,,,,
2026-08-07,tolten,-0.0003933333209715,-0.0003933333209715,-0.0003933333209715,-0.0003933333209715,-9.365079313283786e-05,0,,,,,,
2026-08-08,tolten,-0.0003933333209715,-0.0003933333209715,-0.0003933333209715,-0.0003933333209715,-9.365079313283786e-05,0,,,,,,
2026-08-09,tolten,-0.0003933333209715,-0.0003933333209715,-0.0003933333209715,-0.0003933333209715,-9.365079313283786e-05,0,,,,,,
2026-08-10,tolten,-0.0003933333209715,-0.0003933333209715,-0.0003933333209715,-0.0003933333209715,0.0,0,,,,,,
2026-08-11,tolten,-0.0003933333209715,-0.0003933333209715,-0.0003933333209715,-0.0003933333209715,0.0,0,,,,,,
2026-08-12,tolten,-0.0003933333209715,-0.0003933333209715,-0.0003933333209715,-9.365079313283786e-05,0.0,0,,,,,,
2026-08-13,tolten,-9.365079313283786e-05,-0.0003933333209715,-0.0003933333209715,-9.365079313283786e-05,0.0,0,,,,,,
2026-08-14,tolten,-9.365079313283786e-05,-0.0003933333209715,-0.0003933333209715,-9.365079313283786e-05,0.0,0,,,,,,
2026-08-15,tolten,-9.365079313283786e-05,-9.365079313283786e-05,-0.0003933333209715,-9.365079313283786e-05,-0.0001311111118411,0,,,,,,
2025-09-11,sur,0.0425263494253158,0.0425263494253158,0.1152025461196899,0.0425263494253158,0.0929460227489471,1,,,,,,
2025-09-12,sur,0.0425263494253158,0.0425263494253158,0.1152025461196899,0.0425263494253158,0.0929460227489471,1,,,,,,
2025-09-13,sur,0.0425263494253158,0.0425263494253158,0.0425263494253158,0.0425263494253158,0.0929460227489471,1,,,,,,
2025-09-14,sur,0.0425263494253158,0.0425263494253158,0.0425263494253158,0.0929460227489471,0.0929460227489471,1,,,,,,
2025-09-15,sur,0.0929460227489471,0.0425263494253158,0.0425263494253158,0.0929460227489471,0.0929460227489471,1,,,,,,
2025-09-16,sur,0.0929460227489471,0.0425263494253158,0.0425263494253158,0.0929460227489471,0.0929460227489471,1,,,,,,
2025-09-17,sur,0.0929460227489471,0.0929460227489471,0.0425263494253158,0.0929460227489471,0.0929460227489471,1,,,,,,
2025-09-18,sur,0.0929460227489471,0.0929460227489471,0.0425263494253158,0.0929460227489471,0.0929460227489471,1,,,,,,
2025-09-19,sur,0.0929460227489471,0.0929460227489471,0.0425263494253158,0.0929460227489471,0.0929460227489471,1,,,,,,
2025-09-20,sur,0.0929460227489471,0.0929460227489471,0.0425263494253158,0.0929460227489471,0.0929460227489471,1,,,,,,
2025-09-21,sur,0.0929460227489471,0.0929460227489471,0.0929460227489471,0.0929460227489471,0.0929460227489471,1,,,,,,
2025-09-22,sur,0.0929460227489471,0.0929460227489471,0.0929460227489471,0.0929460227489471,0.0929460227489471,1,,,,,,
2025-09-23,sur,0.0929460227489471,0.0929460227489471,0.0929460227489471,0.0929460227489471,0.0929460227489471,1,,,,,,
2025-09-24,sur,0.0929460227489471,0.0929460227489471,0.0929460227489471,0.0929460227489471,0.0929460227489471,1,,,,,,
2025-09-25,sur,0.0929460227489471,0.0929460227489471,0.0929460227489471,0.0929460227489471,0.0929460227489471,1,,,,,,
2025-09-26,sur,0.0929460227489471,0.0929460227489471,0.0929460227489471,0.0929460227489471,0.0929460227489471,1,,,,,,
2025-09-27,sur,0.0929460227489471,0.0929460227489471,0.0929460227489471,0.0929460227489471,0.0929460227489471,1,,,,,,
2025-09-28,sur,0.0929460227489471,0.0929460227489471,0.0929460227489471,0.0929460227489471,0.0929460227489471,1,,,,,,
2025-09-29,sur,0.0929460227489471,0.0929460227489471,0.0929460227489471,0.0929460227489471,0.0929460227489471,1,,,,,,
2025-09-30,sur,0.0929460227489471,0.0929460227489471,0.0929460227489471,0.0929460227489471,0.0929460227489471,1,,,,,,
2025-10-01,sur,0.0929460227489471,0.0929460227489471,0.0929460227489471,0.0929460227489471,0.0929460227489471,1,,,,,,
2025-10-02,sur,0.0929460227489471,0.0929460227489471,0.0929460227489471,0.0929460227489471,0.0929460227489471,1,,,,,,
2025-10-03,sur,0.0929460227489471,0.0929460227489471,0.0929460227489471,0.0929460227489471,0.0929460227489471,1,,,,,,
2025-10-04,sur,0.0929460227489471,0.0929460227489471,0.0929460227489471,0.0929460227489471,0.0929460227489471,1,,,,,,
2025-10-05,sur,0.0929460227489471,0.0929460227489471,0.0929460227489471,0.0929460227489471,0.0929460227489471,1,,,,,,
2025-10-06,sur,0.0929460227489471,0.0929460227489471,0.0929460227489471,0.0929460227489471,0.0929460227489471,1,,,,,,
2025-10-07,sur,0.0929460227489471,0.0929460227489471,0.0929460227489471,0.0929460227489471,0.0929460227489471,1,,,,,,
2025-10-08,sur,0.0929460227489471,0.0929460227489471,0.0929460227489471,0.0929460227489471,0.0929460227489471,1,,,,,,
2025-10-09,sur,0.0929460227489471,0.0929460227489471,0.0929460227489471,0.0929460227489471,0.0867898389697074,1,,,,,,
2025-10-10,sur,0.0929460227489471,0.0929460227489471,0.0929460227489471,0.0929460227489471,0.0867898389697074,1,,,,,,
2025-10-11,sur,0.0929460227489471,0.0929460227489471,0.0929460227489471,0.0929460227489471,0.0867898389697074,1,,,,,,
2025-10-12,sur,0.0929460227489471,0.0929460227489471,0.0929460227489471,0.0929460227489471,0.0867898389697074,1,,,,,,
2025-10-13,sur,0.0929460227489471,0.0929460227489471,0.0929460227489471,0.0929460227489471,0.0867898389697074,1,,,,,,
2025-10-14,sur,0.0929460227489471,0.0929460227489471,0.0929460227489471,0.0929460227489471,0.0867898389697074,1,,,,,,
2025-10-15,sur,0.0929460227489471,0.0929460227489471,0.0929460227489471,0.0929460227489471,0.0867898389697074,1,,,,,,
2025-10-16,sur,0.0929460227489471,0.0929460227489471,0.0929460227489471,0.0867898389697074,0.0867898389697074,1,,,,,,
2025-10-17,sur,0.0867898389697074,0.0929460227489471,0.0929460227489471,0.0867898389697074,0.0867898389697074,1,,,,,,
2025-10-18,sur,0.0867898389697074,0.0929460227489471,0.0929460227489471,0.0867898389697074,0.0867898389697074,1,,,,,,
2025-10-19,sur,0.0867898389697074,0.0867898389697074,0.0929460227489471,0.0867898389697074,0.0867898389697074,1,,,,,,
2025-10-20,sur,0.0867898389697074,0.0867898389697074,0.0929460227489471,0.0867898389697074,0.0867898389697074,1,,,,,,
2025-10-21,sur,0.0867898389697074,0.0867898389697074,0.0929460227489471,0.0867898389697074,0.0867898389697074,1,,,,,,
2025-10-22,sur,0.0867898389697074,0.0867898389697074,0.0929460227489471,0.0867898389697074,0.0867898389697074,1,,,,,,
2025-10-23,sur,0.0867898389697074,0.0867898389697074,0.0867898389697074,0.0867898389697074,0.0867898389697074,1,,,,,,
2025-10-24,sur,0.0867898389697074,0.0867898389697074,0.0867898389697074,0.0867898389697074,0.0867898389697074,1,,,,,,
2025-10-25,sur,0.0867898389697074,0.0867898389697074,0.0867898389697074,0.0867898389697074,0.0867898389697074,1,,,,,,
2025-10-26,sur,0.0867898389697074,0.0867898389697074,0.0867898389697074,0.0867898389697074,0.0867898389697074,1,,,,,,
2025-10-27,sur,0.0867898389697074,0.0867898389697074,0.0867898389697074,0.0867898389697074,0.0867898389697074,1,,,,,,
2025-10-28,sur,0.0867898389697074,0.0867898389697074,0.0867898389697074,0.0867898389697074,0.0867898389697074,1,,,,,,
2025-10-29,sur,0.0867898389697074,0.0867898389697074,0.0867898389697074,0.0867898389697074,0.0867898389697074,1,,,,,,
2025-10-30,sur,0.0867898389697074,0.0867898389697074,0.0867898389697074,0.0867898389697074,0.0867898389697074,1,,,,,,
2025-10-31,sur,0.0867898389697074,0.0867898389697074,0.0867898389697074,0.0867898389697074,0.0867898389697074,1,,,,,,
2025-11-01,sur,0.0867898389697074,0.0867898389697074,0.0867898389697074,0.0867898389697074,0.0867898389697074,1,,,,,,
2025-11-02,sur,0.0867898389697074,0.0867898389697074,0.0867898389697074,0.0867898389697074,0.0867898389697074,1,,,,,,
2025-11-03,sur,0.0867898389697074,0.0867898389697074,0.0867898389697074,0.0867898389697074,0.0867898389697074,1,,,,,,
2025-11-04,sur,0.0867898389697074,0.0867898389697074,0.0867898389697074,0.0867898389697074,0.0867898389697074,1,,,,,,
2025-11-05,sur,0.0867898389697074,0.0867898389697074,0.0867898389697074,0.0867898389697074,0.0815349146723747,1,,,,,,
2025-11-06,sur,0.0867898389697074,0.0867898389697074,0.0867898389697074,0.0867898389697074,0.0446701571345329,1,,,,,,
2025-11-07,sur,0.0867898389697074,0.0867898389697074,0.0867898389697074,0.0867898389697074,0.0446701571345329,1,,,,,,
2025-11-08,sur,0.0867898389697074,0.0867898389697074,0.0867898389697074,0.0867898389697074,0.0446701571345329,1,,,,,,
2025-11-09,sur,0.0867898389697074,0.0867898389697074,0.0867898389697074,0.0867898389697074,0.0446701571345329,1,,,,,,
2025-11-10,sur,0.0867898389697074,0.0867898389697074,0.0867898389697074,0.0867898389697074,0.0446701571345329,1,,,,,,
2025-11-11,sur,0.0867898389697074,0.0867898389697074,0.0867898389697074,0.0867898389697074,0.0446701571345329,1,,,,,,
2025-11-12,sur,0.0867898389697074,0.0867898389697074,0.0867898389697074,0.0815349146723747,0.0446701571345329,1,,,,,,
2025-11-13,sur,0.0815349146723747,0.0867898389697074,0.0867898389697074,0.0446701571345329,0.0446701571345329,1,,,,,,
2025-11-14,sur,0.0446701571345329,0.0867898389697074,0.0867898389697074,0.0446701571345329,0.0446701571345329,1,,,,,,
2025-11-15,sur,0.0446701571345329,0.0815349146723747,0.0867898389697074,0.0446701571345329,0.0446701571345329,1,,,,,,
2025-11-16,sur,0.0446701571345329,0.0446701571345329,0.0867898389697074,0.0446701571345329,0.1029152423143386,1,,,,,,
2025-11-17,sur,0.0446701571345329,0.0446701571345329,0.0867898389697074,0.0446701571345329,0.1029152423143386,1,,,,,,
2025-11-18,sur,0.0446701571345329,0.0446701571345329,0.0867898389697074,0.0446701571345329,0.0807730257511138,1,,,,,,
2025-11-19,sur,0.0446701571345329,0.0446701571345329,0.0815349146723747,0.0446701571345329,0.0807730257511138,1,,,,,,
2025-11-20,sur,0.0446701571345329,0.0446701571345329,0.0446701571345329,0.0446701571345329,0.0807730257511138,1,,,,,,
2025-11-21,sur,0.0446701571345329,0.0446701571345329,0.0446701571345329,0.0446701571345329,0.0807730257511138,1,,,,,,
2025-11-22,sur,0.0446701571345329,0.0446701571345329,0.0446701571345329,0.0446701571345329,0.0807730257511138,1,,,,,,
2025-11-23,sur,0.0446701571345329,0.0446701571345329,0.0446701571345329,0.1029152423143386,0.0807730257511138,1,,,,,,
2025-11-24,sur,0.1029152423143386,0.0446701571345329,0.0446701571345329,0.1029152423143386,0.0807730257511138,1,,,,,,
2025-11-25,sur,0.1029152423143386,0.0446701571345329,0.0446701571345329,0.0807730257511138,0.0807730257511138,1,,,,,,
2025-11-26,sur,0.0807730257511138,0.1029152423143386,0.0446701571345329,0.0807730257511138,0.0807730257511138,1,,,,,,
2025-11-27,sur,0.0807730257511138,0.1029152423143386,0.0446701571345329,0.0807730257511138,0.0807730257511138,1,,,,,,
2025-11-28,sur,0.0807730257511138,0.0807730257511138,0.0446701571345329,0.0807730257511138,0.1056317538022995,1,,,,,,
2025-11-29,sur,0.0807730257511138,0.0807730257511138,0.0446701571345329,0.0807730257511138,0.1056317538022995,1,,,,,,
2025-11-30,sur,0.0807730257511138,0.0807730257511138,0.1029152423143386,0.0807730257511138,0.1056317538022995,1,,,,,,
2025-12-01,sur,0.0807730257511138,0.0807730257511138,0.1029152423143386,0.0807730257511138,0.1056317538022995,1,,,,,,
2025-12-02,sur,0.0807730257511138,0.0807730257511138,0.0807730257511138,0.0807730257511138,0.1056317538022995,1,,,,,,
2025-12-03,sur,0.0807730257511138,0.0807730257511138,0.0807730257511138,0.0807730257511138,0.1056317538022995,1,,,,,,
2025-12-04,sur,0.0807730257511138,0.0807730257511138,0.0807730257511138,0.0807730257511138,0.1056317538022995,1,,,,,,
2025-12-05,sur,0.0807730257511138,0.0807730257511138,0.0807730257511138,0.1056317538022995,0.1056317538022995,1,,,,,,
2025-12-06,sur,0.1056317538022995,0.0807730257511138,0.0807730257511138,0.1056317538022995,0.1056317538022995,1,,,,,,
2025-12-07,sur,0.1056317538022995,0.0807730257511138,0.0807730257511138,0.1056317538022995,0.1056317538022995,1,,,,,,
2025-12-08,sur,0.1056317538022995,0.1056317538022995,0.0807730257511138,0.1056317538022995,0.1056317538022995,1,,,,,,
2025-12-09,sur,0.1056317538022995,0.1056317538022995,0.0807730257511138,0.1056317538022995,0.1056317538022995,1,,,,,,
2025-12-10,sur,0.1056317538022995,0.1056317538022995,0.0807730257511138,0.1056317538022995,0.1056317538022995,1,,,,,,
2025-12-11,sur,0.1056317538022995,0.1056317538022995,0.0807730257511138,0.1056317538022995,0.1031596809625625,1,,,,,,
2025-12-12,sur,0.1056317538022995,0.1056317538022995,0.1056317538022995,0.1056317538022995,0.1031596809625625,1,,,,,,
2025-12-13,sur,0.1056317538022995,0.1056317538022995,0.1056317538022995,0.1056317538022995,0.1031596809625625,1,,,,,,
2025-12-14,sur,0.1056317538022995,0.1056317538022995,0.1056317538022995,0.1056317538022995,0.1031596809625625,1,,,,,,
2025-12-15,sur,0.1056317538022995,0.1056317538022995,0.1056317538022995,0.1056317538022995,0.1031596809625625,1,,,,,,
2025-12-16,sur,0.1056317538022995,0.1056317538022995,0.1056317538022995,0.1056317538022995,0.1031596809625625,1,,,,,,
2025-12-17,sur,0.1056317538022995,0.1056317538022995,0.1056317538022995,0.1056317538022995,0.1031596809625625,1,,,,,,
2025-12-18,sur,0.1056317538022995,0.1056317538022995,0.1056317538022995,0.1031596809625625,0.0728701576590538,1,,,,,,
2025-12-19,sur,0.1031596809625625,0.1056317538022995,0.1056317538022995,0.1031596809625625,0.0728701576590538,1,,,,,,
2025-12-20,sur,0.1031596809625625,0.1056317538022995,0.1056317538022995,0.1031596809625625,0.0728701576590538,1,,,,,,
2025-12-21,sur,0.1031596809625625,0.1031596809625625,0.1056317538022995,0.1031596809625625,0.0878409519791603,1,,,,,,
2025-12-22,sur,0.1031596809625625,0.1031596809625625,0.1056317538022995,0.1031596809625625,0.0878409519791603,1,,,,,,
2025-12-23,sur,0.1031596809625625,0.1031596809625625,0.1056317538022995,0.1031596809625625,0.1034339666366577,1,,,,,,
2025-12-24,sur,0.1031596809625625,0.1031596809625625,0.1056317538022995,0.1031596809625625,0.1034339666366577,1,,,,,,
2025-12-25,sur,0.1031596809625625,0.1031596809625625,0.1031596809625625,0.0728701576590538,0.1034339666366577,1,,,,,,
2025-12-26,sur,0.0728701576590538,0.1031596809625625,0.1031596809625625,0.0728701576590538,0.0743625313043594,1,,,,,,
2025-12-27,sur,0.0728701576590538,0.1031596809625625,0.1031596809625625,0.0728701576590538,0.0743625313043594,1,,,,,,
2025-12-28,sur,0.0728701576590538,0.0728701576590538,0.1031596809625625,0.0878409519791603,0.0719430148601532,1,,,,,,
2025-12-29,sur,0.0878409519791603,0.0728701576590538,0.1031596809625625,0.0878409519791603,0.0719430148601532,1,,,,,,
2025-12-30,sur,0.0878409519791603,0.0728701576590538,0.1031596809625625,0.1034339666366577,0.0719430148601532,1,,,,,,
2025-12-31,sur,0.1034339666366577,0.0878409519791603,0.1031596809625625,0.1034339666366577,0.0806968212127685,1,,,,,,
2026-01-01,sur,0.1034339666366577,0.0878409519791603,0.0728701576590538,0.1034339666366577,0.0806968212127685,1,,,,,,
2026-01-02,sur,0.1034339666366577,0.1034339666366577,0.0728701576590538,0.0743625313043594,0.0972228497266769,1,,,,,,
2026-01-03,sur,0.0743625313043594,0.1034339666366577,0.0728701576590538,0.0743625313043594,0.0972228497266769,1,,,,,,
2026-01-04,sur,0.0743625313043594,0.1034339666366577,0.0878409519791603,0.0719430148601532,0.0891923755407333,1,,,,,,
2026-01-05,sur,0.0719430148601532,0.0743625313043594,0.0878409519791603,0.0719430148601532,0.0891923755407333,1,,,,,,
2026-01-06,sur,0.0719430148601532,0.0743625313043594,0.1034339666366577,0.0719430148601532,0.0891923755407333,1,,,,,,
2026-01-07,sur,0.0719430148601532,0.0719430148601532,0.1034339666366577,0.0806968212127685,0.0891923755407333,1,,,,,,
2026-01-08,sur,0.0806968212127685,0.0719430148601532,0.1034339666366577,0.0806968212127685,0.0891923755407333,1,,,,,,
2026-01-09,sur,0.0806968212127685,0.0719430148601532,0.0743625313043594,0.0972228497266769,0.0891923755407333,1,,,,,,
2026-01-10,sur,0.0972228497266769,0.0806968212127685,0.0743625313043594,0.0972228497266769,0.0822063535451889,1,,,,,,
2026-01-11,sur,0.0972228497266769,0.0806968212127685,0.0719430148601532,0.0891923755407333,0.0822063535451889,1,,,,,,
2026-01-12,sur,0.0891923755407333,0.0972228497266769,0.0719430148601532,0.0891923755407333,0.0901638120412826,1,,,,,,
2026-01-13,sur,0.0891923755407333,0.0972228497266769,0.0719430148601532,0.0891923755407333,0.0901638120412826,1,,,,,,
2026-01-14,sur,0.0891923755407333,0.0891923755407333,0.0806968212127685,0.0891923755407333,0.0901638120412826,1,,,,,,
2026-01-15,sur,0.0891923755407333,0.0891923755407333,0.0806968212127685,0.0891923755407333,0.072265401482582,1,,,,,,
2026-01-16,sur,0.0891923755407333,0.0891923755407333,0.0972228497266769,0.0891923755407333,0.072265401482582,1,,,,,,
2026-01-17,sur,0.0891923755407333,0.0891923755407333,0.0972228497266769,0.0822063535451889,0.072265401482582,1,,,,,,
2026-01-18,sur,0.0822063535451889,0.0891923755407333,0.0891923755407333,0.0822063535451889,0.072265401482582,1,,,,,,
2026-01-19,sur,0.0822063535451889,0.0891923755407333,0.0891923755407333,0.0901638120412826,0.072265401482582,1,,,,,,
2026-01-20,sur,0.0901638120412826,0.0822063535451889,0.0891923755407333,0.0901638120412826,0.072265401482582,1,,,,,,
2026-01-21,sur,0.0901638120412826,0.0822063535451889,0.0891923755407333,0.0901638120412826,0.072265401482582,1,,,,,,
2026-01-22,sur,0.0901638120412826,0.0901638120412826,0.0891923755407333,0.072265401482582,0.0827692076563835,1,,,,,,
2026-01-23,sur,0.072265401482582,0.0901638120412826,0.0891923755407333,0.072265401482582,0.0827692076563835,1,,,,,,
2026-01-24,sur,0.072265401482582,0.0901638120412826,0.0822063535451889,0.072265401482582,0.0827692076563835,1,,,,,,
2026-01-25,sur,0.072265401482582,0.072265401482582,0.0822063535451889,0.072265401482582,0.0719412714242935,1,,,,,,
2026-01-26,sur,0.072265401482582,0.072265401482582,0.0901638120412826,0.072265401482582,0.0719412714242935,1,,,,,,
2026-01-27,sur,0.072265401482582,0.072265401482582,0.0901638120412826,0.072265401482582,0.0719412714242935,1,,,,,,
2026-01-28,sur,0.072265401482582,0.072265401482582,0.0901638120412826,0.072265401482582,0.0719412714242935,1,,,,,,
2026-01-29,sur,0.072265401482582,0.072265401482582,0.072265401482582,0.0827692076563835,0.0719412714242935,1,,,,,,
2026-01-30,sur,0.0827692076563835,0.072265401482582,0.072265401482582,0.0827692076563835,0.1133517473936081,1,,,,,,
2026-01-31,sur,0.0827692076563835,0.072265401482582,0.072265401482582,0.0827692076563835,0.1133517473936081,1,,,,,,
2026-02-01,sur,0.0827692076563835,0.0827692076563835,0.072265401482582,0.0719412714242935,0.1133517473936081,1,,,,,,
2026-02-02,sur,0.0719412714242935,0.0827692076563835,0.072265401482582,0.0719412714242935,0.1133517473936081,1,,,,,,
2026-02-03,sur,0.0719412714242935,0.0827692076563835,0.072265401482582,0.0719412714242935,0.1133517473936081,1,,,,,,
2026-02-04,sur,0.0719412714242935,0.0719412714242935,0.072265401482582,0.0719412714242935,0.1133517473936081,1,,,,,,
2026-02-05,sur,0.0719412714242935,0.0719412714242935,0.0827692076563835,0.0719412714242935,0.1133517473936081,1,,,,,,
2026-02-06,sur,0.0719412714242935,0.0719412714242935,0.0827692076563835,0.1133517473936081,0.0847127065062522,1,,,,,,
2026-02-07,sur,0.1133517473936081,0.0719412714242935,0.0827692076563835,0.1133517473936081,0.0847127065062522,1,,,,,,
2026-02-08,sur,0.1133517473936081,0.0719412714242935,0.0719412714242935,0.1133517473936081,0.0847127065062522,1,,,,,,
2026-02-09,sur,0.1133517473936081,0.1133517473936081,0.0719412714242935,0.1133517473936081,0.0710639655590057,1,,,,,,
2026-02-10,sur,0.1133517473936081,0.1133517473936081,0.0719412714242935,0.1133517473936081,0.0710639655590057,1,,,,,,
2026-02-11,sur,0.1133517473936081,0.1133517473936081,0.0719412714242935,0.1133517473936081,0.0710639655590057,1,,,,,,
2026-02-12,sur,0.1133517473936081,0.1133517473936081,0.0719412714242935,0.1133517473936081,0.0710639655590057,1,,,,,,
2026-02-13,sur,0.1133517473936081,0.1133517473936081,0.1133517473936081,0.0847127065062522,0.0710639655590057,1,,,,,,
2026-02-14,sur,0.0847127065062522,0.1133517473936081,0.1133517473936081,0.0847127065062522,0.0572079345583915,1,,,,,,
2026-02-15,sur,0.0847127065062522,0.1133517473936081,0.1133517473936081,0.0847127065062522,0.0572079345583915,1,,,,,,
2026-02-16,sur,0.0847127065062522,0.0847127065062522,0.1133517473936081,0.0710639655590057,0.0572079345583915,1,,,,,,
2026-02-17,sur,0.0710639655590057,0.0847127065062522,0.1133517473936081,0.0710639655590057,0.0572079345583915,1,,,,,,
2026-02-18,sur,0.0710639655590057,0.0847127065062522,0.1133517473936081,0.0710639655590057,0.0572079345583915,1,,,,,,
2026-02-19,sur,0.0710639655590057,0.0710639655590057,0.1133517473936081,0.0710639655590057,0.1436476111412048,1,,,,,,
2026-02-20,sur,0.0710639655590057,0.0710639655590057,0.0847127065062522,0.0710639655590057,0.1436476111412048,1,,,,,,
2026-02-21,sur,0.0710639655590057,0.0710639655590057,0.0847127065062522,0.0572079345583915,0.1436476111412048,1,,,,,,
2026-02-22,sur,0.0572079345583915,0.0710639655590057,0.0847127065062522,0.0572079345583915,0.1436476111412048,1,,,,,,
2026-02-23,sur,0.0572079345583915,0.0710639655590057,0.0710639655590057,0.0572079345583915,0.1436476111412048,1,,,,,,
2026-02-24,sur,0.0572079345583915,0.0572079345583915,0.0710639655590057,0.0572079345583915,0.1436476111412048,1,,,,,,
2026-02-25,sur,0.0572079345583915,0.0572079345583915,0.0710639655590057,0.0572079345583915,0.1436476111412048,1,,,,,,
2026-02-26,sur,0.0572079345583915,0.0572079345583915,0.0710639655590057,0.1436476111412048,0.0750615894794464,1,,,,,,
2026-02-27,sur,0.1436476111412048,0.0572079345583915,0.0710639655590057,0.1436476111412048,0.0750615894794464,1,,,,,,
2026-02-28,sur,0.1436476111412048,0.0572079345583915,0.0572079345583915,0.1436476111412048,0.0750615894794464,1,,,,,,
2026-03-01,sur,0.1436476111412048,0.1436476111412048,0.0572079345583915,0.1436476111412048,0.158795565366745,1,,,,,,
2026-03-02,sur,0.1436476111412048,0.1436476111412048,0.0572079345583915,0.1436476111412048,0.158795565366745,1,,,,,,
2026-03-03,sur,0.1436476111412048,0.1436476111412048,0.0572079345583915,0.1436476111412048,0.0736628621816635,1,,,,,,
2026-03-04,sur,0.1436476111412048,0.1436476111412048,0.0572079345583915,0.1436476111412048,0.0736628621816635,1,,,,,,
2026-03-05,sur,0.1436476111412048,0.1436476111412048,0.1436476111412048,0.0750615894794464,0.0736628621816635,1,,,,,,
2026-03-06,sur,0.0750615894794464,0.1436476111412048,0.1436476111412048,0.0750615894794464,0.0949568301439285,1,,,,,,
2026-03-07,sur,0.0750615894794464,0.1436476111412048,0.1436476111412048,0.0750615894794464,0.0949568301439285,1,,,,,,
2026-03-08,sur,0.0750615894794464,0.0750615894794464,0.1436476111412048,0.158795565366745,0.0949568301439285,1,,,,,,
2026-03-09,sur,0.158795565366745,0.0750615894794464,0.1436476111412048,0.158795565366745,0.0949568301439285,1,,,,,,
2026-03-10,sur,0.158795565366745,0.0750615894794464,0.1436476111412048,0.0736628621816635,0.0949568301439285,1,,,,,,
2026-03-11,sur,0.0736628621816635,0.158795565366745,0.1436476111412048,0.0736628621816635,0.0949568301439285,1,,,,,,
2026-03-12,sur,0.0736628621816635,0.158795565366745,0.0750615894794464,0.0736628621816635,0.0949568301439285,1,,,,,,
2026-03-13,sur,0.0736628621816635,0.0736628621816635,0.0750615894794464,0.0949568301439285,0.0949568301439285,1,,,,,,
2026-03-14,sur,0.0949568301439285,0.0736628621816635,0.0750615894794464,0.0949568301439285,0.0949568301439285,1,,,,,,
2026-03-15,sur,0.0949568301439285,0.0736628621816635,0.158795565366745,0.0949568301439285,0.0949568301439285,1,,,,,,
2026-03-16,sur,0.0949568301439285,0.0949568301439285,0.158795565366745,0.0949568301439285,0.0949568301439285,1,,,,,,
2026-03-17,sur,0.0949568301439285,0.0949568301439285,0.0736628621816635,0.0949568301439285,0.0949568301439285,1,,,,,,
2026-03-18,sur,0.0949568301439285,0.0949568301439285,0.0736628621816635,0.0949568301439285,0.1379355490207672,1,,,,,,
2026-03-19,sur,0.0949568301439285,0.0949568301439285,0.0736628621816635,0.0949568301439285,0.1379355490207672,1,,,,,,
2026-03-20,sur,0.0949568301439285,0.0949568301439285,0.0949568301439285,0.0949568301439285,0.1379355490207672,1,,,,,,
2026-03-21,sur,0.0949568301439285,0.0949568301439285,0.0949568301439285,0.0949568301439285,0.0752920731902122,1,,,,,,
2026-03-22,sur,0.0949568301439285,0.0949568301439285,0.0949568301439285,0.0949568301439285,0.0752920731902122,1,,,,,,
2026-03-23,sur,0.0949568301439285,0.0949568301439285,0.0949568301439285,0.0949568301439285,0.1722022145986557,1,,,,,,
2026-03-24,sur,0.0949568301439285,0.0949568301439285,0.0949568301439285,0.0949568301439285,0.1722022145986557,1,,,,,,
2026-03-25,sur,0.0949568301439285,0.0949568301439285,0.0949568301439285,0.1379355490207672,0.1722022145986557,1,,,,,,
2026-03-26,sur,0.1379355490207672,0.0949568301439285,0.0949568301439285,0.1379355490207672,0.114762857556343,1,,,,,,
2026-03-27,sur,0.1379355490207672,0.0949568301439285,0.0949568301439285,0.1379355490207672,0.114762857556343,1,,,,,,
2026-03-28,sur,0.1379355490207672,0.1379355490207672,0.0949568301439285,0.0752920731902122,0.0507238060235977,1,,,,,,
2026-03-29,sur,0.0752920731902122,0.1379355490207672,0.0949568301439285,0.0752920731902122,0.0507238060235977,1,,,,,,
2026-03-30,sur,0.0752920731902122,0.1379355490207672,0.0949568301439285,0.1722022145986557,0.0507238060235977,1,,,,,,
2026-03-31,sur,0.1722022145986557,0.0752920731902122,0.0949568301439285,0.1722022145986557,0.0507238060235977,1,,,,,,
2026-04-01,sur,0.1722022145986557,0.0752920731902122,0.1379355490207672,0.1722022145986557,0.0507238060235977,1,,,,,,
2026-04-02,sur,0.1722022145986557,0.1722022145986557,0.1379355490207672,0.114762857556343,0.192611426115036,1,,,,,,
2026-04-03,sur,0.114762857556343,0.1722022145986557,0.1379355490207672,0.114762857556343,0.192611426115036,1,,,,,,
2026-04-04,sur,0.114762857556343,0.1722022145986557,0.0752920731902122,0.0507238060235977,0.192611426115036,1,,,,,,
2026-04-05,sur,0.0507238060235977,0.114762857556343,0.0752920731902122,0.0507238060235977,0.192611426115036,1,,,,,,
2026-04-06,sur,0.0507238060235977,0.114762857556343,0.1722022145986557,0.0507238060235977,0.192611426115036,1,,,,,,
2026-04-07,sur,0.0507238060235977,0.0507238060235977,0.1722022145986557,0.0507238060235977,0.192611426115036,1,,,,,,
2026-04-08,sur,0.0507238060235977,0.0507238060235977,0.1722022145986557,0.0507238060235977,0.192611426115036,1,,,,,,
2026-04-09,sur,0.0507238060235977,0.0507238060235977,0.114762857556343,0.192611426115036,0.192611426115036,1,,,,,,
2026-04-10,sur,0.192611426115036,0.0507238060235977,0.114762857556343,0.192611426115036,0.192611426115036,1,,,,,,
2026-04-11,sur,0.192611426115036,0.0507238060235977,0.0507238060235977,0.192611426115036,0.192611426115036,1,,,,,,
2026-04-12,sur,0.192611426115036,0.192611426115036,0.0507238060235977,0.192611426115036,0.0509041249752044,1,,,,,,
2026-04-13,sur,0.192611426115036,0.192611426115036,0.0507238060235977,0.192611426115036,0.0509041249752044,1,,,,,,
2026-04-14,sur,0.192611426115036,0.192611426115036,0.0507238060235977,0.192611426115036,0.0509041249752044,1,,,,,,
2026-04-15,sur,0.192611426115036,0.192611426115036,0.0507238060235977,0.192611426115036,0.0509041249752044,1,,,,,,
2026-04-16,sur,0.192611426115036,0.192611426115036,0.192611426115036,0.192611426115036,0.0509041249752044,1,,,,,,
2026-04-17,sur,0.192611426115036,0.192611426115036,0.192611426115036,0.192611426115036,0.0509041249752044,1,,,,,,
2026-04-18,sur,0.192611426115036,0.192611426115036,0.192611426115036,0.192611426115036,0.0509041249752044,1,,,,,,
2026-04-19,sur,0.192611426115036,0.192611426115036,0.192611426115036,0.0509041249752044,0.0509041249752044,1,,,,,,
2026-04-20,sur,0.0509041249752044,0.192611426115036,0.192611426115036,0.0509041249752044,0.0509041249752044,1,,,,,,
2026-04-21,sur,0.0509041249752044,0.192611426115036,0.192611426115036,0.0509041249752044,0.0509041249752044,1,,,,,,
2026-04-22,sur,0.0509041249752044,0.0509041249752044,0.192611426115036,0.0509041249752044,0.0509041249752044,1,,,,,,
2026-04-23,sur,0.0509041249752044,0.0509041249752044,0.192611426115036,0.0509041249752044,0.0509041249752044,1,,,,,,
2026-04-24,sur,0.0509041249752044,0.0509041249752044,0.192611426115036,0.0509041249752044,0.0509041249752044,1,,,,,,
2026-04-25,sur,0.0509041249752044,0.0509041249752044,0.192611426115036,0.0509041249752044,0.0509041249752044,1,,,,,,
2026-04-26,sur,0.0509041249752044,0.0509041249752044,0.0509041249752044,0.0509041249752044,0.0509041249752044,1,,,,,,
2026-04-27,sur,0.0509041249752044,0.0509041249752044,0.0509041249752044,0.0509041249752044,0.0509041249752044,1,,,,,,
2026-04-28,sur,0.0509041249752044,0.0509041249752044,0.0509041249752044,0.0509041249752044,0.0509041249752044,1,,,,,,
2026-04-29,sur,0.0509041249752044,0.0509041249752044,0.0509041249752044,0.0509041249752044,0.0509041249752044,1,,,,,,
2026-04-30,sur,0.0509041249752044,0.0509041249752044,0.0509041249752044,0.0509041249752044,0.0509041249752044,1,,,,,,
2026-05-01,sur,0.0509041249752044,0.0509041249752044,0.0509041249752044,0.0509041249752044,0.0509041249752044,1,,,,,,
2026-05-02,sur,0.0509041249752044,0.0509041249752044,0.0509041249752044,0.0509041249752044,0.2070707827806472,1,,,,,,
2026-05-03,sur,0.0509041249752044,0.0509041249752044,0.0509041249752044,0.0509041249752044,0.2070707827806472,1,,,,,,
2026-05-04,sur,0.0509041249752044,0.0509041249752044,0.0509041249752044,0.0509041249752044,0.2070707827806472,1,,,,,,
2026-05-05,sur,0.0509041249752044,0.0509041249752044,0.0509041249752044,0.0509041249752044,0.2070707827806472,1,,,,,,
2026-05-06,sur,0.0509041249752044,0.0509041249752044,0.0509041249752044,0.0509041249752044,0.2070707827806472,1,,,,,,
2026-05-07,sur,0.0509041249752044,0.0509041249752044,0.0509041249752044,0.0509041249752044,0.1328030228614807,1,,,,,,
2026-05-08,sur,0.0509041249752044,0.0509041249752044,0.0509041249752044,0.0509041249752044,0.1328030228614807,1,,,,,,
2026-05-09,sur,0.0509041249752044,0.0509041249752044,0.0509041249752044,0.2070707827806472,0.1328030228614807,1,,,,,,
2026-05-10,sur,0.2070707827806472,0.0509041249752044,0.0509041249752044,0.2070707827806472,0.1368004828691482,1,,,,,,
2026-05-11,sur,0.2070707827806472,0.0509041249752044,0.0509041249752044,0.2070707827806472,0.1368004828691482,1,,,,,,
2026-05-12,sur,0.2070707827806472,0.2070707827806472,0.0509041249752044,0.2070707827806472,0.1254647523164749,1,,,,,,
2026-05-13,sur,0.2070707827806472,0.2070707827806472,0.0509041249752044,0.2070707827806472,0.1254647523164749,1,,,,,,
2026-05-14,sur,0.2070707827806472,0.2070707827806472,0.0509041249752044,0.1328030228614807,0.0361869819462299,1,,,,,,
2026-05-15,sur,0.1328030228614807,0.2070707827806472,0.0509041249752044,0.1328030228614807,0.0457685701549053,1,,,,,,
2026-05-16,sur,0.1328030228614807,0.2070707827806472,0.2070707827806472,0.1328030228614807,0.0457685701549053,1,,,,,,
2026-05-17,sur,0.1328030228614807,0.1328030228614807,0.2070707827806472,0.1368004828691482,0.0457685701549053,1,,,,,,
2026-05-18,sur,0.1368004828691482,0.1328030228614807,0.2070707827806472,0.1368004828691482,0.0457685701549053,1,,,,,,
2026-05-19,sur,0.1368004828691482,0.1328030228614807,0.2070707827806472,0.1254647523164749,0.0457685701549053,1,,,,,,
2026-05-20,sur,0.1254647523164749,0.1368004828691482,0.2070707827806472,0.1254647523164749,0.0457685701549053,1,,,,,,
2026-05-21,sur,0.1254647523164749,0.1368004828691482,0.1328030228614807,0.0361869819462299,0.0457685701549053,1,,,,,,
2026-05-22,sur,0.0361869819462299,0.1254647523164749,0.1328030228614807,0.0457685701549053,0.0457685701549053,1,,,,,,
2026-05-23,sur,0.0457685701549053,0.1254647523164749,0.1328030228614807,0.0457685701549053,0.0457685701549053,1,,,,,,
2026-05-24,sur,0.0457685701549053,0.0361869819462299,0.1368004828691482,0.0457685701549053,0.0457685701549053,1,,,,,,
2026-05-25,sur,0.0457685701549053,0.0457685701549053,0.1368004828691482,0.0457685701549053,0.0457685701549053,1,,,,,,
2026-05-26,sur,0.0457685701549053,0.0457685701549053,0.1254647523164749,0.0457685701549053,0.0457685701549053,1,,,,,,
2026-05-27,sur,0.0457685701549053,0.0457685701549053,0.1254647523164749,0.0457685701549053,0.0457685701549053,1,,,,,,
2026-05-28,sur,0.0457685701549053,0.0457685701549053,0.0361869819462299,0.0457685701549053,0.0457685701549053,1,,,,,,
2026-05-29,sur,0.0457685701549053,0.0457685701549053,0.0457685701549053,0.0457685701549053,0.0457685701549053,1,,,,,,
2026-05-30,sur,0.0457685701549053,0.0457685701549053,0.0457685701549053,0.0457685701549053,0.0457685701549053,1,,,,,,
2026-05-31,sur,0.0457685701549053,0.0457685701549053,0.0457685701549053,0.0457685701549053,0.0457685701549053,1,,,,,,
2026-06-01,sur,0.0457685701549053,0.0457685701549053,0.0457685701549053,0.0457685701549053,0.0205107927322387,0,,,,,,
2026-06-02,sur,0.0457685701549053,0.0457685701549053,0.0457685701549053,0.0457685701549053,0.0205107927322387,0,,,,,,
2026-06-03,sur,0.0457685701549053,0.0457685701549053,0.0457685701549053,0.0457685701549053,0.0205107927322387,0,,,,,,
2026-06-04,sur,0.0457685701549053,0.0457685701549053,0.0457685701549053,0.0457685701549053,0.0205107927322387,0,,,,,,
2026-06-05,sur,0.0457685701549053,0.0457685701549053,0.0457685701549053,0.0457685701549053,0.0205107927322387,0,,,,,,
2026-06-06,sur,0.0457685701549053,0.0457685701549053,0.0457685701549053,0.0457685701549053,0.0341590493917465,1,,,,,,
2026-06-07,sur,0.0457685701549053,0.0457685701549053,0.0457685701549053,0.0457685701549053,0.0341590493917465,1,,,,,,
2026-06-08,sur,0.0457685701549053,0.0457685701549053,0.0457685701549053,0.0205107927322387,0.0341590493917465,1,,,,,,
2026-06-09,sur,0.0205107927322387,0.0457685701549053,0.0457685701549053,0.0205107927322387,0.0306401588022708,1,,,,,,
2026-06-10,sur,0.0205107927322387,0.0457685701549053,0.0457685701549053,0.0205107927322387,0.0306401588022708,1,,,,,,
2026-06-11,sur,0.0205107927322387,0.0205107927322387,0.0457685701549053,0.0205107927322387,0.0306401588022708,1,,,,,,
2026-06-12,sur,0.0205107927322387,0.0205107927322387,0.0457685701549053,0.0205107927322387,0.0306401588022708,1,,,,,,
2026-06-13,sur,0.0205107927322387,0.0205107927322387,0.0457685701549053,0.0341590493917465,0.0306401588022708,1,,,,,,
2026-06-14,sur,0.0341590493917465,0.0205107927322387,0.0457685701549053,0.0341590493917465,0.0306401588022708,1,,,,,,
2026-06-15,sur,0.0341590493917465,0.0205107927322387,0.0205107927322387,0.0341590493917465,0.0306401588022708,1,,,,,,
2026-06-16,sur,0.0341590493917465,0.0341590493917465,0.0205107927322387,0.0306401588022708,0.0306401588022708,1,,,,,,
2026-06-17,sur,0.0306401588022708,0.0341590493917465,0.0205107927322387,0.0306401588022708,0.0306401588022708,1,,,,,,
2026-06-18,sur,0.0306401588022708,0.0341590493917465,0.0205107927322387,0.0306401588022708,0.0306401588022708,1,,,,,,
2026-06-19,sur,0.0306401588022708,0.0306401588022708,0.0205107927322387,0.0306401588022708,0.0306401588022708,1,,,,,,
2026-06-20,sur,0.0306401588022708,0.0306401588022708,0.0341590493917465,0.0306401588022708,0.0306401588022708,1,,,,,,
2026-06-21,sur,0.0306401588022708,0.0306401588022708,0.0341590493917465,0.0306401588022708,0.0306401588022708,1,,,,,,
2026-06-22,sur,0.0306401588022708,0.0306401588022708,0.0341590493917465,0.0306401588022708,0.0306401588022708,1,,,,,,
2026-06-23,sur,0.0306401588022708,0.0306401588022708,0.0306401588022708,0.0306401588022708,0.0306401588022708,1,,,,,,
2026-06-24,sur,0.0306401588022708,0.0306401588022708,0.0306401588022708,0.0306401588022708,-0.0113299768418073,0,,,,,,
2026-06-25,sur,0.0306401588022708,0.0306401588022708,0.0306401588022708,0.0306401588022708,-0.0113299768418073,0,,,,,,
2026-06-26,sur,0.0306401588022708,0.0306401588022708,0.0306401588022708,0.0306401588022708,0.0269857123494148,1,,,,,,
2026-06-27,sur,0.0306401588022708,0.0306401588022708,0.0306401588022708,0.0306401588022708,0.0269857123494148,1,,,,,,
2026-06-28,sur,0.0306401588022708,0.0306401588022708,0.0306401588022708,0.0306401588022708,0.0269857123494148,1,,,,,,
2026-06-29,sur,0.0306401588022708,0.0306401588022708,0.0306401588022708,0.0306401588022708,0.0269857123494148,1,,,,,,
2026-06-30,sur,0.0306401588022708,0.0306401588022708,0.0306401588022708,0.0306401588022708,0.0269857123494148,1,,,,,,
2026-07-01,sur,0.0306401588022708,0.0306401588022708,0.0306401588022708,-0.0113299768418073,0.0269857123494148,1,,,,,,
2026-07-02,sur,-0.0113299768418073,0.0306401588022708,0.0306401588022708,-0.0113299768418073,0.0269857123494148,1,,,,,,
2026-07-03,sur,-0.0113299768418073,0.0306401588022708,0.0306401588022708,0.0269857123494148,0.0269857123494148,1,,,,,,
2026-07-04,sur,0.0269857123494148,-0.0113299768418073,0.0306401588022708,0.0269857123494148,0.0403703190386295,1,,,,,,
2026-07-05,sur,0.0269857123494148,-0.0113299768418073,0.0306401588022708,0.0269857123494148,0.0403703190386295,1,,,,,,
2026-07-06,sur,0.0269857123494148,0.0269857123494148,0.0306401588022708,0.0269857123494148,0.0403703190386295,1,,,,,,
2026-07-07,sur,0.0269857123494148,0.0269857123494148,0.0306401588022708,0.0269857123494148,0.0403703190386295,1,,,,,,
2026-07-08,sur,0.0269857123494148,0.0269857123494148,-0.0113299768418073,0.0269857123494148,0.0403703190386295,1,,,,,,
2026-07-09,sur,0.0269857123494148,0.0269857123494148,-0.0113299768418073,0.0269857123494148,0.0403703190386295,1,,,,,,
2026-07-10,sur,0.0269857123494148,0.0269857123494148,0.0269857123494148,0.0269857123494148,0.0403703190386295,1,,,,,,
2026-07-11,sur,0.0269857123494148,0.0269857123494148,0.0269857123494148,0.0403703190386295,0.0403703190386295,1,,,,,,
2026-07-12,sur,0.0403703190386295,0.0269857123494148,0.0269857123494148,0.0403703190386295,0.0403703190386295,1,,,,,,
2026-07-13,sur,0.0403703190386295,0.0269857123494148,0.0269857123494148,0.0403703190386295,0.0403703190386295,1,,,,,,
2026-07-14,sur,0.0403703190386295,0.0403703190386295,0.0269857123494148,0.0403703190386295,0.0403703190386295,1,,,,,,
2026-07-15,sur,0.0403703190386295,0.0403703190386295,0.0269857123494148,0.0403703190386295,0.0403703190386295,1,,,,,,
2026-07-16,sur,0.0403703190386295,0.0403703190386295,0.0269857123494148,0.0403703190386295,0.0403703190386295,1,,,,,,
2026-07-17,sur,0.0403703190386295,0.0403703190386295,0.0269857123494148,0.0403703190386295,0.0403703190386295,1,,,,,,
2026-07-18,sur,0.0403703190386295,0.0403703190386295,0.0403703190386295,0.0403703190386295,0.0403703190386295,1,,,,,,
2026-07-19,sur,0.0403703190386295,0.0403703190386295,0.0403703190386295,0.0403703190386295,0.0403703190386295,1,,,,,,
2026-07-20,sur,0.0403703190386295,0.0403703190386295,0.0403703190386295,0.0403703190386295,0.0403703190386295,1,,,,,,
2026-07-21,sur,0.0403703190386295,0.0403703190386295,0.0403703190386295,0.0403703190386295,0.0403703190386295,1,,,,,,
2026-07-22,sur,0.0403703190386295,0.0403703190386295,0.0403703190386295,0.0403703190386295,0.0403703190386295,1,,,,,,
2026-07-23,sur,0.0403703190386295,0.0403703190386295,0.0403703190386295,0.0403703190386295,0.0403703190386295,1,,,,,,
2026-07-24,sur,0.0403703190386295,0.0403703190386295,0.0403703190386295,0.0403703190386295,0.0403703190386295,1,,,,,,
2026-07-25,sur,0.0403703190386295,0.0403703190386295,0.0403703190386295,0.0403703190386295,0.0403703190386295,1,,,,,,
2026-07-26,sur,0.0403703190386295,0.0403703190386295,0.0403703190386295,0.0403703190386295,0.0403703190386295,1,,,,,,
2026-07-27,sur,0.0403703190386295,0.0403703190386295,0.0403703190386295,0.0403703190386295,0.0403703190386295,1,,,,,,
2026-07-28,sur,0.0403703190386295,0.0403703190386295,0.0403703190386295,0.0403703190386295,0.0403703190386295,1,,,,,,
2026-07-29,sur,0.0403703190386295,0.0403703190386295,0.0403703190386295,0.0403703190386295,0.0403703190386295,1,,,,,,
2026-07-30,sur,0.0403703190386295,0.0403703190386295,0.0403703190386295,0.0403703190386295,0.0403703190386295,1,,,,,,
2026-07-31,sur,0.0403703190386295,0.0403703190386295,0.0403703190386295,0.0403703190386295,0.0403703190386295,1,,,,,,
2026-08-01,sur,0.0403703190386295,0.0403703190386295,0.0403703190386295,0.0403703190386295,0.0403703190386295,1,,,,,,
2026-08-02,sur,0.0403703190386295,0.0403703190386295,0.0403703190386295,0.0403703190386295,0.0403703190386295,1,,,,,,
2026-08-03,sur,0.0403703190386295,0.0403703190386295,0.0403703190386295,0.0403703190386295,0.0403703190386295,1,,,,,,
2026-08-04,sur,0.0403703190386295,0.0403703190386295,0.0403703190386295,0.0403703190386295,0.0403703190386295,1,,,,,,
2026-08-05,sur,0.0403703190386295,0.0403703190386295,0.0403703190386295,0.0403703190386295,0.0589549168944358,1,,,,,,
2026-08-06,sur,0.0403703190386295,0.0403703190386295,0.0403703190386295,0.0403703190386295,0.0589549168944358,1,,,,,,
2026-08-07,sur,0.0403703190386295,0.0403703190386295,0.0403703190386295,0.0403703190386295,0.0589549168944358,1,,,,,,
2026-08-08,sur,0.0403703190386295,0.0403703190386295,0.0403703190386295,0.0403703190386295,0.0589549168944358,1,,,,,,
2026-08-09,sur,0.0403703190386295,0.0403703190386295,0.0403703190386295,0.0403703190386295,0.0589549168944358,1,,,,,,
2026-08-10,sur,0.0403703190386295,0.0403703190386295,0.0403703190386295,0.0403703190386295,0.0493295192718505,1,,,,,,
2026-08-11,sur,0.0403703190386295,0.0403703190386295,0.0403703190386295,0.0403703190386295,0.0493295192718505,1,,,,,,
2026-08-12,sur,0.0403703190386295,0.0403703190386295,0.0403703190386295,0.0589549168944358,0.0493295192718505,1,,,,,,
2026-08-13,sur,0.0589549168944358,0.0403703190386295,0.0403703190386295,0.0589549168944358,0.0493295192718505,1,,,,,,
2026-08-14,sur,0.0589549168944358,0.0403703190386295,0.0403703190386295,0.0589549168944358,0.0493295192718505,1,,,,,,
2026-08-15,sur,0.0589549168944358,0.0589549168944358,0.0403703190386295,0.0589549168944358,0.0566847547888755,1,,,,,,
